transaction_id,ai_status,ai_decision,confidence_score,reason,safety_override,final_decision,processing_time_seconds,raw_ai_response,ai_provider,error
TXN0013,SUCCESS,EXCEPTION,100.0,Missing bank record; the transaction cannot be fully reconciled.,False,EXCEPTION,25.94,"{""results"":[{""transaction_id"":""TXN0013"",""decision"":""EXCEPTION"",""confidence_score"":95.0,""reason"":""Bank record is missing (bank_record_exists is false), preventing complete reconciliation.""},{""transaction_id"":""TXN0035"",""decision"":""EXCEPTION"",""confidence_score"":100.0,""reason"":""Ledger amount of 75000 does not match settlement amount of 74500, and the 500 difference is not explained by fees or refunds.""},{""transaction_id"":""TXN0038"",""decision"":""EXCEPTION"",""confidence_score"":100.0,""reason"":""Ledger amount of 5000 does not match settlement amount of 3000, and the 2000 difference is not explained by fees or refunds.""}]}",GEMINI,
TXN0035,SUCCESS,EXCEPTION,100.0,"Ledger amount of 75000 does not match settlement amount of 74500, and the 500 difference is not explained by fees or refunds.",False,EXCEPTION,25.94,"{""results"":[{""transaction_id"":""TXN0013"",""decision"":""EXCEPTION"",""confidence_score"":95.0,""reason"":""Bank record is missing (bank_record_exists is false), preventing complete reconciliation.""},{""transaction_id"":""TXN0035"",""decision"":""EXCEPTION"",""confidence_score"":100.0,""reason"":""Ledger amount of 75000 does not match settlement amount of 74500, and the 500 difference is not explained by fees or refunds.""},{""transaction_id"":""TXN0038"",""decision"":""EXCEPTION"",""confidence_score"":100.0,""reason"":""Ledger amount of 5000 does not match settlement amount of 3000, and the 2000 difference is not explained by fees or refunds.""}]}",GEMINI,
TXN0038,SUCCESS,EXCEPTION,100.0,"Ledger amount of 5000 does not match settlement amount of 3000, and the 2000 difference is not explained by fees or refunds.",False,EXCEPTION,25.94,"{""results"":[{""transaction_id"":""TXN0013"",""decision"":""EXCEPTION"",""confidence_score"":95.0,""reason"":""Bank record is missing (bank_record_exists is false), preventing complete reconciliation.""},{""transaction_id"":""TXN0035"",""decision"":""EXCEPTION"",""confidence_score"":100.0,""reason"":""Ledger amount of 75000 does not match settlement amount of 74500, and the 500 difference is not explained by fees or refunds.""},{""transaction_id"":""TXN0038"",""decision"":""EXCEPTION"",""confidence_score"":100.0,""reason"":""Ledger amount of 5000 does not match settlement amount of 3000, and the 2000 difference is not explained by fees or refunds.""}]}",GEMINI,
TXN0039,SUCCESS,EXCEPTION,100.0,Missing bank record; the transaction cannot be fully reconciled.,False,EXCEPTION,10.054,"{""results"":[{""transaction_id"":""TXN0039"",""decision"":""EXCEPTION"",""confidence_score"":100,""reason"":""Bank record is missing (bank_record_exists is false) while a settlement record exists.""},{""transaction_id"":""TXN0062"",""decision"":""EXCEPTION"",""confidence_score"":100,""reason"":""Ledger amount of 1500 is not reconciled by settlement amount of 0.0, and the difference is unexplained by fees or refunds.""},{""transaction_id"":""TXN0090"",""decision"":""EXCEPTION"",""confidence_score"":100,""reason"":""Ledger amount of 10000 does not match settlement amount of 9500.0, and the 500.0 difference is not explained by fees or refunds.""}]}",GEMINI,
TXN0062,SUCCESS,EXCEPTION,100.0,"Ledger amount of 1500 is not reconciled by settlement amount of 0.0, and the difference is unexplained by fees or refunds.",False,EXCEPTION,10.054,"{""results"":[{""transaction_id"":""TXN0039"",""decision"":""EXCEPTION"",""confidence_score"":100,""reason"":""Bank record is missing (bank_record_exists is false) while a settlement record exists.""},{""transaction_id"":""TXN0062"",""decision"":""EXCEPTION"",""confidence_score"":100,""reason"":""Ledger amount of 1500 is not reconciled by settlement amount of 0.0, and the difference is unexplained by fees or refunds.""},{""transaction_id"":""TXN0090"",""decision"":""EXCEPTION"",""confidence_score"":100,""reason"":""Ledger amount of 10000 does not match settlement amount of 9500.0, and the 500.0 difference is not explained by fees or refunds.""}]}",GEMINI,
TXN0090,SUCCESS,EXCEPTION,100.0,"Ledger amount of 10000 does not match settlement amount of 9500.0, and the 500.0 difference is not explained by fees or refunds.",False,EXCEPTION,10.054,"{""results"":[{""transaction_id"":""TXN0039"",""decision"":""EXCEPTION"",""confidence_score"":100,""reason"":""Bank record is missing (bank_record_exists is false) while a settlement record exists.""},{""transaction_id"":""TXN0062"",""decision"":""EXCEPTION"",""confidence_score"":100,""reason"":""Ledger amount of 1500 is not reconciled by settlement amount of 0.0, and the difference is unexplained by fees or refunds.""},{""transaction_id"":""TXN0090"",""decision"":""EXCEPTION"",""confidence_score"":100,""reason"":""Ledger amount of 10000 does not match settlement amount of 9500.0, and the 500.0 difference is not explained by fees or refunds.""}]}",GEMINI,
TXN0106,SUCCESS,EXCEPTION,100.0,Missing bank record; the transaction cannot be fully reconciled.,False,EXCEPTION,23.17,"{""results"":[{""transaction_id"":""TXN0106"",""decision"":""EXCEPTION"",""confidence_score"":100,""reason"":""Bank record is missing.""},{""transaction_id"":""TXN0121"",""decision"":""EXCEPTION"",""confidence_score"":100,""reason"":""Settlement amount of 74500.0 does not match ledger amount of 75000.0 and the discrepancy is not explained by fees or refunds.""},{""transaction_id"":""TXN0122"",""decision"":""EXCEPTION"",""confidence_score"":100,""reason"":""Settlement amount of 0.0 does not match ledger amount of 1000.0 and the discrepancy is not explained by fees or refunds.""}]}",GEMINI,
TXN0121,SUCCESS,EXCEPTION,100.0,Settlement amount of 74500.0 does not match ledger amount of 75000.0 and the discrepancy is not explained by fees or refunds.,False,EXCEPTION,23.17,"{""results"":[{""transaction_id"":""TXN0106"",""decision"":""EXCEPTION"",""confidence_score"":100,""reason"":""Bank record is missing.""},{""transaction_id"":""TXN0121"",""decision"":""EXCEPTION"",""confidence_score"":100,""reason"":""Settlement amount of 74500.0 does not match ledger amount of 75000.0 and the discrepancy is not explained by fees or refunds.""},{""transaction_id"":""TXN0122"",""decision"":""EXCEPTION"",""confidence_score"":100,""reason"":""Settlement amount of 0.0 does not match ledger amount of 1000.0 and the discrepancy is not explained by fees or refunds.""}]}",GEMINI,
TXN0122,SUCCESS,EXCEPTION,100.0,Settlement amount of 0.0 does not match ledger amount of 1000.0 and the discrepancy is not explained by fees or refunds.,False,EXCEPTION,23.17,"{""results"":[{""transaction_id"":""TXN0106"",""decision"":""EXCEPTION"",""confidence_score"":100,""reason"":""Bank record is missing.""},{""transaction_id"":""TXN0121"",""decision"":""EXCEPTION"",""confidence_score"":100,""reason"":""Settlement amount of 74500.0 does not match ledger amount of 75000.0 and the discrepancy is not explained by fees or refunds.""},{""transaction_id"":""TXN0122"",""decision"":""EXCEPTION"",""confidence_score"":100,""reason"":""Settlement amount of 0.0 does not match ledger amount of 1000.0 and the discrepancy is not explained by fees or refunds.""}]}",GEMINI,
TXN0126,SUCCESS,EXCEPTION,100.0,"Settlement amount of 23000.0 does not reconcile with ledger amount of 25000.0, and the difference of 2000.0 is not explained by fees or refunds.",False,EXCEPTION,15.709,"{""results"":[{""transaction_id"":""TXN0126"",""decision"":""EXCEPTION"",""confidence_score"":100,""reason"":""Settlement amount of 23000.0 does not reconcile with ledger amount of 25000.0, and the difference of 2000.0 is not explained by fees or refunds.""},{""transaction_id"":""TXN0132"",""decision"":""EXCEPTION"",""confidence_score"":100,""reason"":""Bank record is missing (bank_record_exists is false), so bank evidence does not support the settlement.""},{""transaction_id"":""TXN0138"",""decision"":""EXCEPTION"",""confidence_score"":100,""reason"":""Bank record is missing (bank_record_exists is false), so bank evidence does not support the settlement.""}]}",GEMINI,
TXN0132,SUCCESS,EXCEPTION,100.0,Missing bank record; the transaction cannot be fully reconciled.,False,EXCEPTION,15.709,"{""results"":[{""transaction_id"":""TXN0126"",""decision"":""EXCEPTION"",""confidence_score"":100,""reason"":""Settlement amount of 23000.0 does not reconcile with ledger amount of 25000.0, and the difference of 2000.0 is not explained by fees or refunds.""},{""transaction_id"":""TXN0132"",""decision"":""EXCEPTION"",""confidence_score"":100,""reason"":""Bank record is missing (bank_record_exists is false), so bank evidence does not support the settlement.""},{""transaction_id"":""TXN0138"",""decision"":""EXCEPTION"",""confidence_score"":100,""reason"":""Bank record is missing (bank_record_exists is false), so bank evidence does not support the settlement.""}]}",GEMINI,
TXN0138,SUCCESS,EXCEPTION,100.0,Missing bank record; the transaction cannot be fully reconciled.,False,EXCEPTION,15.709,"{""results"":[{""transaction_id"":""TXN0126"",""decision"":""EXCEPTION"",""confidence_score"":100,""reason"":""Settlement amount of 23000.0 does not reconcile with ledger amount of 25000.0, and the difference of 2000.0 is not explained by fees or refunds.""},{""transaction_id"":""TXN0132"",""decision"":""EXCEPTION"",""confidence_score"":100,""reason"":""Bank record is missing (bank_record_exists is false), so bank evidence does not support the settlement.""},{""transaction_id"":""TXN0138"",""decision"":""EXCEPTION"",""confidence_score"":100,""reason"":""Bank record is missing (bank_record_exists is false), so bank evidence does not support the settlement.""}]}",GEMINI,
TXN0139,SUCCESS,EXCEPTION,100.0,Ledger amount of 1000 is not reconciled by settlement amount of 0.0 and bank credit of 0.0 with no fees or refunds.,False,EXCEPTION,10.78,"{""results"":[{""transaction_id"":""TXN0139"",""decision"":""EXCEPTION"",""confidence_score"":100,""reason"":""Ledger amount of 1000 is not reconciled by settlement amount of 0.0 and bank credit of 0.0 with no fees or refunds.""},{""transaction_id"":""TXN0145"",""decision"":""EXCEPTION"",""confidence_score"":100,""reason"":""Bank record is missing (bank_record_exists is false), failing the requirement for bank evidence supporting the settlement.""},{""transaction_id"":""TXN0154"",""decision"":""EXCEPTION"",""confidence_score"":100,""reason"":""Discrepancy of 500 between ledger amount (50000) and settlement amount (49500) is not explained by fees or refunds.""}]}",GEMINI,
TXN0145,SUCCESS,EXCEPTION,100.0,Missing bank record; the transaction cannot be fully reconciled.,False,EXCEPTION,10.78,"{""results"":[{""transaction_id"":""TXN0139"",""decision"":""EXCEPTION"",""confidence_score"":100,""reason"":""Ledger amount of 1000 is not reconciled by settlement amount of 0.0 and bank credit of 0.0 with no fees or refunds.""},{""transaction_id"":""TXN0145"",""decision"":""EXCEPTION"",""confidence_score"":100,""reason"":""Bank record is missing (bank_record_exists is false), failing the requirement for bank evidence supporting the settlement.""},{""transaction_id"":""TXN0154"",""decision"":""EXCEPTION"",""confidence_score"":100,""reason"":""Discrepancy of 500 between ledger amount (50000) and settlement amount (49500) is not explained by fees or refunds.""}]}",GEMINI,
TXN0154,SUCCESS,EXCEPTION,100.0,Discrepancy of 500 between ledger amount (50000) and settlement amount (49500) is not explained by fees or refunds.,False,EXCEPTION,10.78,"{""results"":[{""transaction_id"":""TXN0139"",""decision"":""EXCEPTION"",""confidence_score"":100,""reason"":""Ledger amount of 1000 is not reconciled by settlement amount of 0.0 and bank credit of 0.0 with no fees or refunds.""},{""transaction_id"":""TXN0145"",""decision"":""EXCEPTION"",""confidence_score"":100,""reason"":""Bank record is missing (bank_record_exists is false), failing the requirement for bank evidence supporting the settlement.""},{""transaction_id"":""TXN0154"",""decision"":""EXCEPTION"",""confidence_score"":100,""reason"":""Discrepancy of 500 between ledger amount (50000) and settlement amount (49500) is not explained by fees or refunds.""}]}",GEMINI,
TXN0171,SUCCESS,EXCEPTION,95.0,"Settlement amount of 74500.0 does not match ledger amount of 75000, and the 500.0 difference is not explained by fees or refunds.",False,EXCEPTION,9.436,"{""results"":[{""transaction_id"":""TXN0171"",""decision"":""EXCEPTION"",""confidence_score"":95,""reason"":""Settlement amount of 74500.0 does not match ledger amount of 75000, and the 500.0 difference is not explained by fees or refunds.""},{""transaction_id"":""TXN0175"",""decision"":""EXCEPTION"",""confidence_score"":95,""reason"":""Settlement amount of 1000.0 does not match ledger amount of 1500, and the 500.0 difference is not explained by fees or refunds.""},{""transaction_id"":""TXN0184"",""decision"":""EXCEPTION"",""confidence_score"":95,""reason"":""Settlement amount of 13000.0 does not match ledger amount of 15000, and the 2000.0 difference is not explained by fees or refunds.""}]}",GEMINI,
TXN0175,SUCCESS,EXCEPTION,95.0,"Settlement amount of 1000.0 does not match ledger amount of 1500, and the 500.0 difference is not explained by fees or refunds.",False,EXCEPTION,9.436,"{""results"":[{""transaction_id"":""TXN0171"",""decision"":""EXCEPTION"",""confidence_score"":95,""reason"":""Settlement amount of 74500.0 does not match ledger amount of 75000, and the 500.0 difference is not explained by fees or refunds.""},{""transaction_id"":""TXN0175"",""decision"":""EXCEPTION"",""confidence_score"":95,""reason"":""Settlement amount of 1000.0 does not match ledger amount of 1500, and the 500.0 difference is not explained by fees or refunds.""},{""transaction_id"":""TXN0184"",""decision"":""EXCEPTION"",""confidence_score"":95,""reason"":""Settlement amount of 13000.0 does not match ledger amount of 15000, and the 2000.0 difference is not explained by fees or refunds.""}]}",GEMINI,
TXN0184,SUCCESS,EXCEPTION,95.0,"Settlement amount of 13000.0 does not match ledger amount of 15000, and the 2000.0 difference is not explained by fees or refunds.",False,EXCEPTION,9.436,"{""results"":[{""transaction_id"":""TXN0171"",""decision"":""EXCEPTION"",""confidence_score"":95,""reason"":""Settlement amount of 74500.0 does not match ledger amount of 75000, and the 500.0 difference is not explained by fees or refunds.""},{""transaction_id"":""TXN0175"",""decision"":""EXCEPTION"",""confidence_score"":95,""reason"":""Settlement amount of 1000.0 does not match ledger amount of 1500, and the 500.0 difference is not explained by fees or refunds.""},{""transaction_id"":""TXN0184"",""decision"":""EXCEPTION"",""confidence_score"":95,""reason"":""Settlement amount of 13000.0 does not match ledger amount of 15000, and the 2000.0 difference is not explained by fees or refunds.""}]}",GEMINI,
TXN0187,SUCCESS,EXCEPTION,100.0,"Ledger amount of 75000.0 does not match settlement amount of 73000.0, and the difference is not explained by fees or refunds.",False,EXCEPTION,11.619,"{""results"":[{""transaction_id"":""TXN0187"",""decision"":""EXCEPTION"",""confidence_score"":100,""reason"":""Ledger amount of 75000.0 does not match settlement amount of 73000.0, and the difference is not explained by fees or refunds.""},{""transaction_id"":""TXN0189"",""decision"":""EXCEPTION"",""confidence_score"":95,""reason"":""Bank record is missing (bank_record_exists is false), so the settlement amount cannot be verified by bank evidence.""},{""transaction_id"":""TXN0190"",""decision"":""EXCEPTION"",""confidence_score"":95,""reason"":""Bank record is missing (bank_record_exists is false), so the settlement amount cannot be verified by bank evidence.""}]}",GEMINI,
TXN0189,SUCCESS,EXCEPTION,100.0,Missing bank record; the transaction cannot be fully reconciled.,False,EXCEPTION,11.619,"{""results"":[{""transaction_id"":""TXN0187"",""decision"":""EXCEPTION"",""confidence_score"":100,""reason"":""Ledger amount of 75000.0 does not match settlement amount of 73000.0, and the difference is not explained by fees or refunds.""},{""transaction_id"":""TXN0189"",""decision"":""EXCEPTION"",""confidence_score"":95,""reason"":""Bank record is missing (bank_record_exists is false), so the settlement amount cannot be verified by bank evidence.""},{""transaction_id"":""TXN0190"",""decision"":""EXCEPTION"",""confidence_score"":95,""reason"":""Bank record is missing (bank_record_exists is false), so the settlement amount cannot be verified by bank evidence.""}]}",GEMINI,
TXN0190,SUCCESS,EXCEPTION,100.0,Missing bank record; the transaction cannot be fully reconciled.,False,EXCEPTION,11.619,"{""results"":[{""transaction_id"":""TXN0187"",""decision"":""EXCEPTION"",""confidence_score"":100,""reason"":""Ledger amount of 75000.0 does not match settlement amount of 73000.0, and the difference is not explained by fees or refunds.""},{""transaction_id"":""TXN0189"",""decision"":""EXCEPTION"",""confidence_score"":95,""reason"":""Bank record is missing (bank_record_exists is false), so the settlement amount cannot be verified by bank evidence.""},{""transaction_id"":""TXN0190"",""decision"":""EXCEPTION"",""confidence_score"":95,""reason"":""Bank record is missing (bank_record_exists is false), so the settlement amount cannot be verified by bank evidence.""}]}",GEMINI,
TXN0202,SUCCESS,EXCEPTION,100.0,"Ledger amount of 25000 does not reconcile with settlement amount of 24000, and the difference of 1000 is not explained by recorded fees or refunds.",False,EXCEPTION,5.976,"{
  ""results"": [
    {
      ""transaction_id"": ""TXN0202"",
      ""decision"": ""EXCEPTION"",
      ""confidence_score"": 100,
      ""reason"": ""Ledger amount of 25000 does not reconcile with settlement amount of 24000, and the difference of 1000 is not explained by recorded fees or refunds.""
    },
    {
      ""transaction_id"": ""TXN0214"",
      ""decision"": ""EXCEPTION"",
      ""confidence_score"": 100,
      ""reason"": ""Ledger amount of 50000 does not reconcile with settlement amount of 49500, and the difference of 500 is not explained by recorded fees or refunds.""
    },
    {
      ""transaction_id"": ""TXN0217"",
      ""decision"": ""EXCEPTION"",
      ""confidence_score"": 100,
      ""reason"": ""Ledger amount of 15000 does not reconcile with settlement amount of 13000, and the difference of 2000 is not explained by recorded fees or refunds.""
    }
  ]
}",GEMINI,
TXN0214,SUCCESS,EXCEPTION,100.0,"Ledger amount of 50000 does not reconcile with settlement amount of 49500, and the difference of 500 is not explained by recorded fees or refunds.",False,EXCEPTION,5.976,"{
  ""results"": [
    {
      ""transaction_id"": ""TXN0202"",
      ""decision"": ""EXCEPTION"",
      ""confidence_score"": 100,
      ""reason"": ""Ledger amount of 25000 does not reconcile with settlement amount of 24000, and the difference of 1000 is not explained by recorded fees or refunds.""
    },
    {
      ""transaction_id"": ""TXN0214"",
      ""decision"": ""EXCEPTION"",
      ""confidence_score"": 100,
      ""reason"": ""Ledger amount of 50000 does not reconcile with settlement amount of 49500, and the difference of 500 is not explained by recorded fees or refunds.""
    },
    {
      ""transaction_id"": ""TXN0217"",
      ""decision"": ""EXCEPTION"",
      ""confidence_score"": 100,
      ""reason"": ""Ledger amount of 15000 does not reconcile with settlement amount of 13000, and the difference of 2000 is not explained by recorded fees or refunds.""
    }
  ]
}",GEMINI,
TXN0217,SUCCESS,EXCEPTION,100.0,"Ledger amount of 15000 does not reconcile with settlement amount of 13000, and the difference of 2000 is not explained by recorded fees or refunds.",False,EXCEPTION,5.976,"{
  ""results"": [
    {
      ""transaction_id"": ""TXN0202"",
      ""decision"": ""EXCEPTION"",
      ""confidence_score"": 100,
      ""reason"": ""Ledger amount of 25000 does not reconcile with settlement amount of 24000, and the difference of 1000 is not explained by recorded fees or refunds.""
    },
    {
      ""transaction_id"": ""TXN0214"",
      ""decision"": ""EXCEPTION"",
      ""confidence_score"": 100,
      ""reason"": ""Ledger amount of 50000 does not reconcile with settlement amount of 49500, and the difference of 500 is not explained by recorded fees or refunds.""
    },
    {
      ""transaction_id"": ""TXN0217"",
      ""decision"": ""EXCEPTION"",
      ""confidence_score"": 100,
      ""reason"": ""Ledger amount of 15000 does not reconcile with settlement amount of 13000, and the difference of 2000 is not explained by recorded fees or refunds.""
    }
  ]
}",GEMINI,
TXN0219,SUCCESS,EXCEPTION,100.0,Missing bank record; the transaction cannot be fully reconciled.,False,EXCEPTION,1.956,"{""results"":[{""transaction_id"":""TXN0219"",""decision"":""EXCEPTION"",""confidence_score"":60,""reason"":""Settlement record exists and matches ledger/invoice, but bank record is missing. Without bank evidence, reconciliation cannot be confirmed.""},{""transaction_id"":""TXN0220"",""decision"":""EXCEPTION"",""confidence_score"":60,""reason"":""Settlement record exists and matches ledger/invoice, but bank record is missing. Without bank evidence, reconciliation cannot be confirmed.""},{""transaction_id"":""TXN0226"",""decision"":""EXCEPTION"",""confidence_score"":80,""reason"":""Ledger amount (25000) does not match settlement amount (24500) and there are no fees or refunds to explain the 500 difference. Reconciliation fails.""}]}",GROQ,"Gemini failed: 503 UNAVAILABLE. {'error': {'code': 503, 'message': 'This model is currently experiencing high demand. Spikes in demand are usually temporary. Please try again later.', 'status': 'UNAVAILABLE'}}"
TXN0220,SUCCESS,EXCEPTION,100.0,Missing bank record; the transaction cannot be fully reconciled.,False,EXCEPTION,1.956,"{""results"":[{""transaction_id"":""TXN0219"",""decision"":""EXCEPTION"",""confidence_score"":60,""reason"":""Settlement record exists and matches ledger/invoice, but bank record is missing. Without bank evidence, reconciliation cannot be confirmed.""},{""transaction_id"":""TXN0220"",""decision"":""EXCEPTION"",""confidence_score"":60,""reason"":""Settlement record exists and matches ledger/invoice, but bank record is missing. Without bank evidence, reconciliation cannot be confirmed.""},{""transaction_id"":""TXN0226"",""decision"":""EXCEPTION"",""confidence_score"":80,""reason"":""Ledger amount (25000) does not match settlement amount (24500) and there are no fees or refunds to explain the 500 difference. Reconciliation fails.""}]}",GROQ,"Gemini failed: 503 UNAVAILABLE. {'error': {'code': 503, 'message': 'This model is currently experiencing high demand. Spikes in demand are usually temporary. Please try again later.', 'status': 'UNAVAILABLE'}}"
TXN0226,SUCCESS,EXCEPTION,80.0,Ledger amount (25000) does not match settlement amount (24500) and there are no fees or refunds to explain the 500 difference. Reconciliation fails.,False,EXCEPTION,1.956,"{""results"":[{""transaction_id"":""TXN0219"",""decision"":""EXCEPTION"",""confidence_score"":60,""reason"":""Settlement record exists and matches ledger/invoice, but bank record is missing. Without bank evidence, reconciliation cannot be confirmed.""},{""transaction_id"":""TXN0220"",""decision"":""EXCEPTION"",""confidence_score"":60,""reason"":""Settlement record exists and matches ledger/invoice, but bank record is missing. Without bank evidence, reconciliation cannot be confirmed.""},{""transaction_id"":""TXN0226"",""decision"":""EXCEPTION"",""confidence_score"":80,""reason"":""Ledger amount (25000) does not match settlement amount (24500) and there are no fees or refunds to explain the 500 difference. Reconciliation fails.""}]}",GROQ,"Gemini failed: 503 UNAVAILABLE. {'error': {'code': 503, 'message': 'This model is currently experiencing high demand. Spikes in demand are usually temporary. Please try again later.', 'status': 'UNAVAILABLE'}}"
TXN0229,SUCCESS,EXCEPTION,100.0,Missing bank record; the transaction cannot be fully reconciled.,False,EXCEPTION,11.611,"{""results"":[{""transaction_id"":""TXN0229"",""decision"":""EXCEPTION"",""confidence_score"":95.0,""reason"":""Bank record is missing (bank_record_exists is false) despite settlement record existing.""},{""transaction_id"":""TXN0233"",""decision"":""EXCEPTION"",""confidence_score"":95.0,""reason"":""Bank record is missing (bank_record_exists is false) despite settlement record existing.""},{""transaction_id"":""TXN0256"",""decision"":""EXCEPTION"",""confidence_score"":95.0,""reason"":""Ledger amount of 25000 does not match settlement amount of 24000.0, and the difference is not explained by fees or refunds.""}]}",GEMINI,
TXN0233,SUCCESS,EXCEPTION,100.0,Missing bank record; the transaction cannot be fully reconciled.,False,EXCEPTION,11.611,"{""results"":[{""transaction_id"":""TXN0229"",""decision"":""EXCEPTION"",""confidence_score"":95.0,""reason"":""Bank record is missing (bank_record_exists is false) despite settlement record existing.""},{""transaction_id"":""TXN0233"",""decision"":""EXCEPTION"",""confidence_score"":95.0,""reason"":""Bank record is missing (bank_record_exists is false) despite settlement record existing.""},{""transaction_id"":""TXN0256"",""decision"":""EXCEPTION"",""confidence_score"":95.0,""reason"":""Ledger amount of 25000 does not match settlement amount of 24000.0, and the difference is not explained by fees or refunds.""}]}",GEMINI,
TXN0256,SUCCESS,EXCEPTION,95.0,"Ledger amount of 25000 does not match settlement amount of 24000.0, and the difference is not explained by fees or refunds.",False,EXCEPTION,11.611,"{""results"":[{""transaction_id"":""TXN0229"",""decision"":""EXCEPTION"",""confidence_score"":95.0,""reason"":""Bank record is missing (bank_record_exists is false) despite settlement record existing.""},{""transaction_id"":""TXN0233"",""decision"":""EXCEPTION"",""confidence_score"":95.0,""reason"":""Bank record is missing (bank_record_exists is false) despite settlement record existing.""},{""transaction_id"":""TXN0256"",""decision"":""EXCEPTION"",""confidence_score"":95.0,""reason"":""Ledger amount of 25000 does not match settlement amount of 24000.0, and the difference is not explained by fees or refunds.""}]}",GEMINI,
TXN0269,SUCCESS,EXCEPTION,95.0,"Ledger and invoice amount of 5000.0 does not reconcile with settlement amount of 4500.0, and the 500.0 difference is not explained by fees or refunds.",False,EXCEPTION,10.147,"{""results"":[{""transaction_id"":""TXN0269"",""decision"":""EXCEPTION"",""confidence_score"":95,""reason"":""Ledger and invoice amount of 5000.0 does not reconcile with settlement amount of 4500.0, and the 500.0 difference is not explained by fees or refunds.""},{""transaction_id"":""TXN0279"",""decision"":""EXCEPTION"",""confidence_score"":95,""reason"":""Ledger and invoice amount of 10000.0 does not reconcile with settlement amount of 8000.0, and the 2000.0 difference is not explained by fees or refunds.""},{""transaction_id"":""TXN0283"",""decision"":""EXCEPTION"",""confidence_score"":95,""reason"":""Bank record is missing (bank_record_exists is false), failing the required record availability check for full reconciliation.""}]}",GEMINI,
TXN0279,SUCCESS,EXCEPTION,95.0,"Ledger and invoice amount of 10000.0 does not reconcile with settlement amount of 8000.0, and the 2000.0 difference is not explained by fees or refunds.",False,EXCEPTION,10.147,"{""results"":[{""transaction_id"":""TXN0269"",""decision"":""EXCEPTION"",""confidence_score"":95,""reason"":""Ledger and invoice amount of 5000.0 does not reconcile with settlement amount of 4500.0, and the 500.0 difference is not explained by fees or refunds.""},{""transaction_id"":""TXN0279"",""decision"":""EXCEPTION"",""confidence_score"":95,""reason"":""Ledger and invoice amount of 10000.0 does not reconcile with settlement amount of 8000.0, and the 2000.0 difference is not explained by fees or refunds.""},{""transaction_id"":""TXN0283"",""decision"":""EXCEPTION"",""confidence_score"":95,""reason"":""Bank record is missing (bank_record_exists is false), failing the required record availability check for full reconciliation.""}]}",GEMINI,
TXN0283,SUCCESS,EXCEPTION,100.0,Missing bank record; the transaction cannot be fully reconciled.,False,EXCEPTION,10.147,"{""results"":[{""transaction_id"":""TXN0269"",""decision"":""EXCEPTION"",""confidence_score"":95,""reason"":""Ledger and invoice amount of 5000.0 does not reconcile with settlement amount of 4500.0, and the 500.0 difference is not explained by fees or refunds.""},{""transaction_id"":""TXN0279"",""decision"":""EXCEPTION"",""confidence_score"":95,""reason"":""Ledger and invoice amount of 10000.0 does not reconcile with settlement amount of 8000.0, and the 2000.0 difference is not explained by fees or refunds.""},{""transaction_id"":""TXN0283"",""decision"":""EXCEPTION"",""confidence_score"":95,""reason"":""Bank record is missing (bank_record_exists is false), failing the required record availability check for full reconciliation.""}]}",GEMINI,
TXN0329,SUCCESS,EXCEPTION,95.0,Ledger amount of 10000 does not reconcile with settlement amount of 9000.0 and the difference is not explained by fees or refunds.,False,EXCEPTION,9.461,"{""results"":[{""transaction_id"":""TXN0329"",""decision"":""EXCEPTION"",""confidence_score"":95,""reason"":""Ledger amount of 10000 does not reconcile with settlement amount of 9000.0 and the difference is not explained by fees or refunds.""},{""transaction_id"":""TXN0334"",""decision"":""EXCEPTION"",""confidence_score"":95,""reason"":""Bank record is missing (bank_record_exists is false), preventing full reconciliation.""},{""transaction_id"":""TXN0353"",""decision"":""EXCEPTION"",""confidence_score"":95,""reason"":""Ledger amount of 1500 does not reconcile with settlement amount of 1000.0 as there are no reported fees or refunds to account for the difference.""}]}",GEMINI,
TXN0334,SUCCESS,EXCEPTION,100.0,Missing bank record; the transaction cannot be fully reconciled.,False,EXCEPTION,9.461,"{""results"":[{""transaction_id"":""TXN0329"",""decision"":""EXCEPTION"",""confidence_score"":95,""reason"":""Ledger amount of 10000 does not reconcile with settlement amount of 9000.0 and the difference is not explained by fees or refunds.""},{""transaction_id"":""TXN0334"",""decision"":""EXCEPTION"",""confidence_score"":95,""reason"":""Bank record is missing (bank_record_exists is false), preventing full reconciliation.""},{""transaction_id"":""TXN0353"",""decision"":""EXCEPTION"",""confidence_score"":95,""reason"":""Ledger amount of 1500 does not reconcile with settlement amount of 1000.0 as there are no reported fees or refunds to account for the difference.""}]}",GEMINI,
TXN0353,SUCCESS,EXCEPTION,95.0,Ledger amount of 1500 does not reconcile with settlement amount of 1000.0 as there are no reported fees or refunds to account for the difference.,False,EXCEPTION,9.461,"{""results"":[{""transaction_id"":""TXN0329"",""decision"":""EXCEPTION"",""confidence_score"":95,""reason"":""Ledger amount of 10000 does not reconcile with settlement amount of 9000.0 and the difference is not explained by fees or refunds.""},{""transaction_id"":""TXN0334"",""decision"":""EXCEPTION"",""confidence_score"":95,""reason"":""Bank record is missing (bank_record_exists is false), preventing full reconciliation.""},{""transaction_id"":""TXN0353"",""decision"":""EXCEPTION"",""confidence_score"":95,""reason"":""Ledger amount of 1500 does not reconcile with settlement amount of 1000.0 as there are no reported fees or refunds to account for the difference.""}]}",GEMINI,
TXN0355,SUCCESS,EXCEPTION,100.0,Missing bank record; the transaction cannot be fully reconciled.,False,EXCEPTION,1.508,"{""results"":[{""transaction_id"":""TXN0355"",""decision"":""HUMAN_REVIEW"",""confidence_score"":60,""reason"":""Settlement record exists and matches ledger amount, but the corresponding bank record is missing. Without bank evidence, we cannot confirm that the settlement was executed and credited, so the transaction is ambiguous and requires further review.""},{""transaction_id"":""TXN0367"",""decision"":""HUMAN_REVIEW"",""confidence_score"":60,""reason"":""Similar to TXN0355, the settlement matches the ledger but the bank record is absent. The lack of bank evidence prevents a definitive match, necessitating human investigation.""},{""transaction_id"":""TXN0376"",""decision"":""EXCEPTION"",""confidence_score"":95,""reason"":""Ledger amount is 10,000 but settlement and bank credit are only 8,000, with no fee or refund to explain the 2,000 shortfall. This constitutes a clear reconciliation failure.""}]}",GROQ,Gemini failed: [WinError 10053] An established connection was aborted by the software in your host machine
TXN0367,SUCCESS,EXCEPTION,100.0,Missing bank record; the transaction cannot be fully reconciled.,False,EXCEPTION,1.508,"{""results"":[{""transaction_id"":""TXN0355"",""decision"":""HUMAN_REVIEW"",""confidence_score"":60,""reason"":""Settlement record exists and matches ledger amount, but the corresponding bank record is missing. Without bank evidence, we cannot confirm that the settlement was executed and credited, so the transaction is ambiguous and requires further review.""},{""transaction_id"":""TXN0367"",""decision"":""HUMAN_REVIEW"",""confidence_score"":60,""reason"":""Similar to TXN0355, the settlement matches the ledger but the bank record is absent. The lack of bank evidence prevents a definitive match, necessitating human investigation.""},{""transaction_id"":""TXN0376"",""decision"":""EXCEPTION"",""confidence_score"":95,""reason"":""Ledger amount is 10,000 but settlement and bank credit are only 8,000, with no fee or refund to explain the 2,000 shortfall. This constitutes a clear reconciliation failure.""}]}",GROQ,Gemini failed: [WinError 10053] An established connection was aborted by the software in your host machine
TXN0376,SUCCESS,EXCEPTION,95.0,"Ledger amount is 10,000 but settlement and bank credit are only 8,000, with no fee or refund to explain the 2,000 shortfall. This constitutes a clear reconciliation failure.",False,EXCEPTION,1.508,"{""results"":[{""transaction_id"":""TXN0355"",""decision"":""HUMAN_REVIEW"",""confidence_score"":60,""reason"":""Settlement record exists and matches ledger amount, but the corresponding bank record is missing. Without bank evidence, we cannot confirm that the settlement was executed and credited, so the transaction is ambiguous and requires further review.""},{""transaction_id"":""TXN0367"",""decision"":""HUMAN_REVIEW"",""confidence_score"":60,""reason"":""Similar to TXN0355, the settlement matches the ledger but the bank record is absent. The lack of bank evidence prevents a definitive match, necessitating human investigation.""},{""transaction_id"":""TXN0376"",""decision"":""EXCEPTION"",""confidence_score"":95,""reason"":""Ledger amount is 10,000 but settlement and bank credit are only 8,000, with no fee or refund to explain the 2,000 shortfall. This constitutes a clear reconciliation failure.""}]}",GROQ,Gemini failed: [WinError 10053] An established connection was aborted by the software in your host machine
TXN0381,SUCCESS,EXCEPTION,100.0,"Settlement amount of 8000.0 does not match the ledger amount of 10000, and the difference is not explained by fees or refunds.",False,EXCEPTION,9.322,"{""results"":[{""transaction_id"":""TXN0381"",""decision"":""EXCEPTION"",""confidence_score"":100,""reason"":""Settlement amount of 8000.0 does not match the ledger amount of 10000, and the difference is not explained by fees or refunds.""},{""transaction_id"":""TXN0386"",""decision"":""EXCEPTION"",""confidence_score"":100,""reason"":""Bank record is missing while settlement record exists for amount 75000.0.""},{""transaction_id"":""TXN0391"",""decision"":""EXCEPTION"",""confidence_score"":100,""reason"":""Settlement amount of 14500.0 does not match the ledger amount of 15000, and the 500 difference is unexplained by fees or refunds.""}]}",GEMINI,
TXN0386,SUCCESS,EXCEPTION,100.0,Missing bank record; the transaction cannot be fully reconciled.,False,EXCEPTION,9.322,"{""results"":[{""transaction_id"":""TXN0381"",""decision"":""EXCEPTION"",""confidence_score"":100,""reason"":""Settlement amount of 8000.0 does not match the ledger amount of 10000, and the difference is not explained by fees or refunds.""},{""transaction_id"":""TXN0386"",""decision"":""EXCEPTION"",""confidence_score"":100,""reason"":""Bank record is missing while settlement record exists for amount 75000.0.""},{""transaction_id"":""TXN0391"",""decision"":""EXCEPTION"",""confidence_score"":100,""reason"":""Settlement amount of 14500.0 does not match the ledger amount of 15000, and the 500 difference is unexplained by fees or refunds.""}]}",GEMINI,
TXN0391,SUCCESS,EXCEPTION,100.0,"Settlement amount of 14500.0 does not match the ledger amount of 15000, and the 500 difference is unexplained by fees or refunds.",False,EXCEPTION,9.322,"{""results"":[{""transaction_id"":""TXN0381"",""decision"":""EXCEPTION"",""confidence_score"":100,""reason"":""Settlement amount of 8000.0 does not match the ledger amount of 10000, and the difference is not explained by fees or refunds.""},{""transaction_id"":""TXN0386"",""decision"":""EXCEPTION"",""confidence_score"":100,""reason"":""Bank record is missing while settlement record exists for amount 75000.0.""},{""transaction_id"":""TXN0391"",""decision"":""EXCEPTION"",""confidence_score"":100,""reason"":""Settlement amount of 14500.0 does not match the ledger amount of 15000, and the 500 difference is unexplained by fees or refunds.""}]}",GEMINI,
TXN0394,SUCCESS,EXCEPTION,100.0,Missing bank record; the transaction cannot be fully reconciled.,False,EXCEPTION,7.088,"{""results"":[{""transaction_id"":""TXN0394"",""decision"":""EXCEPTION"",""confidence_score"":100,""reason"":""Bank record is missing (bank_record_exists is false), preventing reconciliation between settlement and bank evidence.""},{""transaction_id"":""TXN0405"",""decision"":""EXCEPTION"",""confidence_score"":100,""reason"":""Bank record is missing (bank_record_exists is false), preventing reconciliation between settlement and bank evidence.""},{""transaction_id"":""TXN0407"",""decision"":""EXCEPTION"",""confidence_score"":100,""reason"":""Bank record is missing (bank_record_exists is false), preventing reconciliation between settlement and bank evidence.""}]}",GEMINI,
TXN0405,SUCCESS,EXCEPTION,100.0,Missing bank record; the transaction cannot be fully reconciled.,False,EXCEPTION,7.088,"{""results"":[{""transaction_id"":""TXN0394"",""decision"":""EXCEPTION"",""confidence_score"":100,""reason"":""Bank record is missing (bank_record_exists is false), preventing reconciliation between settlement and bank evidence.""},{""transaction_id"":""TXN0405"",""decision"":""EXCEPTION"",""confidence_score"":100,""reason"":""Bank record is missing (bank_record_exists is false), preventing reconciliation between settlement and bank evidence.""},{""transaction_id"":""TXN0407"",""decision"":""EXCEPTION"",""confidence_score"":100,""reason"":""Bank record is missing (bank_record_exists is false), preventing reconciliation between settlement and bank evidence.""}]}",GEMINI,
TXN0407,SUCCESS,EXCEPTION,100.0,Missing bank record; the transaction cannot be fully reconciled.,False,EXCEPTION,7.088,"{""results"":[{""transaction_id"":""TXN0394"",""decision"":""EXCEPTION"",""confidence_score"":100,""reason"":""Bank record is missing (bank_record_exists is false), preventing reconciliation between settlement and bank evidence.""},{""transaction_id"":""TXN0405"",""decision"":""EXCEPTION"",""confidence_score"":100,""reason"":""Bank record is missing (bank_record_exists is false), preventing reconciliation between settlement and bank evidence.""},{""transaction_id"":""TXN0407"",""decision"":""EXCEPTION"",""confidence_score"":100,""reason"":""Bank record is missing (bank_record_exists is false), preventing reconciliation between settlement and bank evidence.""}]}",GEMINI,
TXN0412,SUCCESS,EXCEPTION,100.0,"Ledger amount of 10000 does not reconcile with settlement amount of 8000, and the difference is unexplained by fees or refunds.",False,EXCEPTION,12.769,"{""results"":[{""transaction_id"":""TXN0412"",""decision"":""EXCEPTION"",""confidence_score"":100,""reason"":""Ledger amount of 10000 does not reconcile with settlement amount of 8000, and the difference is unexplained by fees or refunds.""},{""transaction_id"":""TXN0424"",""decision"":""EXCEPTION"",""confidence_score"":100,""reason"":""Bank record is missing (bank_record_exists is false).""},{""transaction_id"":""TXN0428"",""decision"":""EXCEPTION"",""confidence_score"":100,""reason"":""Bank record is missing (bank_record_exists is false).""}]}",GEMINI,
TXN0424,SUCCESS,EXCEPTION,100.0,Missing bank record; the transaction cannot be fully reconciled.,False,EXCEPTION,12.769,"{""results"":[{""transaction_id"":""TXN0412"",""decision"":""EXCEPTION"",""confidence_score"":100,""reason"":""Ledger amount of 10000 does not reconcile with settlement amount of 8000, and the difference is unexplained by fees or refunds.""},{""transaction_id"":""TXN0424"",""decision"":""EXCEPTION"",""confidence_score"":100,""reason"":""Bank record is missing (bank_record_exists is false).""},{""transaction_id"":""TXN0428"",""decision"":""EXCEPTION"",""confidence_score"":100,""reason"":""Bank record is missing (bank_record_exists is false).""}]}",GEMINI,
TXN0428,SUCCESS,EXCEPTION,100.0,Missing bank record; the transaction cannot be fully reconciled.,False,EXCEPTION,12.769,"{""results"":[{""transaction_id"":""TXN0412"",""decision"":""EXCEPTION"",""confidence_score"":100,""reason"":""Ledger amount of 10000 does not reconcile with settlement amount of 8000, and the difference is unexplained by fees or refunds.""},{""transaction_id"":""TXN0424"",""decision"":""EXCEPTION"",""confidence_score"":100,""reason"":""Bank record is missing (bank_record_exists is false).""},{""transaction_id"":""TXN0428"",""decision"":""EXCEPTION"",""confidence_score"":100,""reason"":""Bank record is missing (bank_record_exists is false).""}]}",GEMINI,
TXN0430,SUCCESS,EXCEPTION,100.0,Missing bank record; the transaction cannot be fully reconciled.,False,EXCEPTION,10.665,"{""results"":[{""transaction_id"":""TXN0430"",""decision"":""EXCEPTION"",""confidence_score"":95,""reason"":""Bank record is missing despite settlement record existing.""},{""transaction_id"":""TXN0432"",""decision"":""EXCEPTION"",""confidence_score"":95,""reason"":""Bank record is missing despite settlement record existing.""},{""transaction_id"":""TXN0444"",""decision"":""EXCEPTION"",""confidence_score"":95,""reason"":""Settlement amount of 9000.0 does not reconcile with ledger amount of 10000, and the 1000 difference is unexplained by fees or refunds.""}]}",GEMINI,
TXN0432,SUCCESS,EXCEPTION,100.0,Missing bank record; the transaction cannot be fully reconciled.,False,EXCEPTION,10.665,"{""results"":[{""transaction_id"":""TXN0430"",""decision"":""EXCEPTION"",""confidence_score"":95,""reason"":""Bank record is missing despite settlement record existing.""},{""transaction_id"":""TXN0432"",""decision"":""EXCEPTION"",""confidence_score"":95,""reason"":""Bank record is missing despite settlement record existing.""},{""transaction_id"":""TXN0444"",""decision"":""EXCEPTION"",""confidence_score"":95,""reason"":""Settlement amount of 9000.0 does not reconcile with ledger amount of 10000, and the 1000 difference is unexplained by fees or refunds.""}]}",GEMINI,
TXN0444,SUCCESS,EXCEPTION,95.0,"Settlement amount of 9000.0 does not reconcile with ledger amount of 10000, and the 1000 difference is unexplained by fees or refunds.",False,EXCEPTION,10.665,"{""results"":[{""transaction_id"":""TXN0430"",""decision"":""EXCEPTION"",""confidence_score"":95,""reason"":""Bank record is missing despite settlement record existing.""},{""transaction_id"":""TXN0432"",""decision"":""EXCEPTION"",""confidence_score"":95,""reason"":""Bank record is missing despite settlement record existing.""},{""transaction_id"":""TXN0444"",""decision"":""EXCEPTION"",""confidence_score"":95,""reason"":""Settlement amount of 9000.0 does not reconcile with ledger amount of 10000, and the 1000 difference is unexplained by fees or refunds.""}]}",GEMINI,
TXN0455,SUCCESS,EXCEPTION,100.0,"Ledger amount of 75000 does not match settlement amount of 73000, and the difference of 2000 is not explained by declared fees or refunds.",False,EXCEPTION,14.657,"{""results"":[{""transaction_id"":""TXN0455"",""decision"":""EXCEPTION"",""confidence_score"":100,""reason"":""Ledger amount of 75000 does not match settlement amount of 73000, and the difference of 2000 is not explained by declared fees or refunds.""},{""transaction_id"":""TXN0464"",""decision"":""EXCEPTION"",""confidence_score"":100,""reason"":""Ledger amount of 10000 does not match settlement amount of 9500, and the difference of 500 is not explained by declared fees or refunds.""},{""transaction_id"":""TXN0475"",""decision"":""EXCEPTION"",""confidence_score"":100,""reason"":""Ledger amount of 2500 does not match settlement amount of 2000, and the difference of 500 is not explained by declared fees or refunds.""}]}",GEMINI,
TXN0464,SUCCESS,EXCEPTION,100.0,"Ledger amount of 10000 does not match settlement amount of 9500, and the difference of 500 is not explained by declared fees or refunds.",False,EXCEPTION,14.657,"{""results"":[{""transaction_id"":""TXN0455"",""decision"":""EXCEPTION"",""confidence_score"":100,""reason"":""Ledger amount of 75000 does not match settlement amount of 73000, and the difference of 2000 is not explained by declared fees or refunds.""},{""transaction_id"":""TXN0464"",""decision"":""EXCEPTION"",""confidence_score"":100,""reason"":""Ledger amount of 10000 does not match settlement amount of 9500, and the difference of 500 is not explained by declared fees or refunds.""},{""transaction_id"":""TXN0475"",""decision"":""EXCEPTION"",""confidence_score"":100,""reason"":""Ledger amount of 2500 does not match settlement amount of 2000, and the difference of 500 is not explained by declared fees or refunds.""}]}",GEMINI,
TXN0475,SUCCESS,EXCEPTION,100.0,"Ledger amount of 2500 does not match settlement amount of 2000, and the difference of 500 is not explained by declared fees or refunds.",False,EXCEPTION,14.657,"{""results"":[{""transaction_id"":""TXN0455"",""decision"":""EXCEPTION"",""confidence_score"":100,""reason"":""Ledger amount of 75000 does not match settlement amount of 73000, and the difference of 2000 is not explained by declared fees or refunds.""},{""transaction_id"":""TXN0464"",""decision"":""EXCEPTION"",""confidence_score"":100,""reason"":""Ledger amount of 10000 does not match settlement amount of 9500, and the difference of 500 is not explained by declared fees or refunds.""},{""transaction_id"":""TXN0475"",""decision"":""EXCEPTION"",""confidence_score"":100,""reason"":""Ledger amount of 2500 does not match settlement amount of 2000, and the difference of 500 is not explained by declared fees or refunds.""}]}",GEMINI,
TXN0477,SUCCESS,EXCEPTION,98.0,"Ledger amount of 1500.0 does not reconcile with settlement amount of 500.0, leaving an unexplained discrepancy of 1000.0 not accounted for by fees or refunds.",False,EXCEPTION,11.37,"{""results"":[{""transaction_id"":""TXN0477"",""decision"":""EXCEPTION"",""confidence_score"":98.0,""reason"":""Ledger amount of 1500.0 does not reconcile with settlement amount of 500.0, leaving an unexplained discrepancy of 1000.0 not accounted for by fees or refunds.""},{""transaction_id"":""TXN0484"",""decision"":""EXCEPTION"",""confidence_score"":95.0,""reason"":""Bank record is missing (bank_record_exists is false), preventing full reconciliation despite matching ledger and settlement amounts.""},{""transaction_id"":""TXN0486"",""decision"":""EXCEPTION"",""confidence_score"":98.0,""reason"":""Ledger amount of 7500.0 does not reconcile with settlement amount of 6500.0, leaving an unexplained difference of 1000.0 with zero recorded fees or refunds.""}]}",GEMINI,
TXN0484,SUCCESS,EXCEPTION,100.0,Missing bank record; the transaction cannot be fully reconciled.,False,EXCEPTION,11.37,"{""results"":[{""transaction_id"":""TXN0477"",""decision"":""EXCEPTION"",""confidence_score"":98.0,""reason"":""Ledger amount of 1500.0 does not reconcile with settlement amount of 500.0, leaving an unexplained discrepancy of 1000.0 not accounted for by fees or refunds.""},{""transaction_id"":""TXN0484"",""decision"":""EXCEPTION"",""confidence_score"":95.0,""reason"":""Bank record is missing (bank_record_exists is false), preventing full reconciliation despite matching ledger and settlement amounts.""},{""transaction_id"":""TXN0486"",""decision"":""EXCEPTION"",""confidence_score"":98.0,""reason"":""Ledger amount of 7500.0 does not reconcile with settlement amount of 6500.0, leaving an unexplained difference of 1000.0 with zero recorded fees or refunds.""}]}",GEMINI,
TXN0486,SUCCESS,EXCEPTION,98.0,"Ledger amount of 7500.0 does not reconcile with settlement amount of 6500.0, leaving an unexplained difference of 1000.0 with zero recorded fees or refunds.",False,EXCEPTION,11.37,"{""results"":[{""transaction_id"":""TXN0477"",""decision"":""EXCEPTION"",""confidence_score"":98.0,""reason"":""Ledger amount of 1500.0 does not reconcile with settlement amount of 500.0, leaving an unexplained discrepancy of 1000.0 not accounted for by fees or refunds.""},{""transaction_id"":""TXN0484"",""decision"":""EXCEPTION"",""confidence_score"":95.0,""reason"":""Bank record is missing (bank_record_exists is false), preventing full reconciliation despite matching ledger and settlement amounts.""},{""transaction_id"":""TXN0486"",""decision"":""EXCEPTION"",""confidence_score"":98.0,""reason"":""Ledger amount of 7500.0 does not reconcile with settlement amount of 6500.0, leaving an unexplained difference of 1000.0 with zero recorded fees or refunds.""}]}",GEMINI,
TXN0493,SUCCESS,EXCEPTION,95.0,"Ledger amount of 50000 does not match settlement amount of 48000.0, and the difference of 2000.0 is not explained by fees or refunds.",False,EXCEPTION,5.756,"{""results"":[{""transaction_id"":""TXN0493"",""decision"":""EXCEPTION"",""confidence_score"":95,""reason"":""Ledger amount of 50000 does not match settlement amount of 48000.0, and the difference of 2000.0 is not explained by fees or refunds.""}]}",GEMINI,
