event_id,transaction_id,customer_id,transaction_date,description,amount,transaction_type,status
E0001,TXN0001,C140,2026-08-04,Customer payment for Order 0001,1000,SALE,RECORDED
E0002,TXN0002,C114,2026-08-05,Customer payment for Order 0002,1500,SALE,RECORDED
E0003,TXN0003,C105,2026-08-19,Customer payment for Order 0003,15000,SALE,RECORDED
E0004,TXN0004,C113,2026-08-08,Customer payment for Order 0004,50000,SALE,RECORDED
E0005,TXN0005,C112,2026-08-21,Customer payment for Order 0005,50000,SALE,RECORDED
E0006,TXN0006,C137,2026-08-09,Customer payment for Order 0006,1000,SALE,RECORDED
E0007,TXN0007,C144,2026-08-14,Customer payment for Order 0007,10000,SALE,RECORDED
E0008,TXN0008,C148,2026-08-11,Customer payment for Order 0008,1500,SALE,RECORDED
E0009,TXN0009,C122,2026-08-12,Customer payment for Order 0009,75000,SALE,RECORDED
E0010,TXN0010,C146,2026-08-15,Customer payment for Order 0010,50000,SALE,RECORDED
E0011,TXN0011,C105,2026-08-18,Customer payment for Order 0011,7500,SALE,RECORDED
E0012,TXN0012,C123,2026-08-19,Customer payment for Order 0012,5000,SALE,RECORDED
E0013,TXN0013,C142,2026-08-08,Customer payment for Order 0013,7500,SALE,RECORDED
E0014,TXN0014,C114,2026-08-04,Customer payment for Order 0014,15000,SALE,RECORDED
E0015,TXN0015,C123,2026-08-06,Customer payment for Order 0015,10000,SALE,RECORDED
E0016,TXN0016,C117,2026-08-21,Customer payment for Order 0016,1500,SALE,RECORDED
E0017,TXN0017,C134,2026-08-08,Customer payment for Order 0017,2500,SALE,RECORDED
E0018,TXN0018,C140,2026-08-18,Customer payment for Order 0018,5000,SALE,RECORDED
E0019,TXN0019,C114,2026-08-02,Customer payment for Order 0019,10000,SALE,RECORDED
E0020,TXN0020,C113,2026-08-19,Customer payment for Order 0020,10000,SALE,RECORDED
E0021,TXN0021,C125,2026-08-21,Customer payment for Order 0021,25000,SALE,RECORDED
E0022,TXN0022,C115,2026-08-18,Customer payment for Order 0022,50000,SALE,RECORDED
E0023,TXN0023,C127,2026-08-19,Customer payment for Order 0023,15000,SALE,RECORDED
E0024,TXN0024,C132,2026-08-16,Customer payment for Order 0024,1500,SALE,RECORDED
E0025,TXN0025,C109,2026-08-21,Customer payment for Order 0025,2500,SALE,RECORDED
E0026,TXN0026,C138,2026-08-03,Customer payment for Order 0026,15000,SALE,RECORDED
E0027,TXN0027,C133,2026-08-09,Customer payment for Order 0027,50000,SALE,RECORDED
E0028,TXN0028,C146,2026-08-04,Customer payment for Order 0028,50000,SALE,RECORDED
E0029,TXN0029,C121,2026-08-04,Customer payment for Order 0029,7500,SALE,RECORDED
E0030,TXN0030,C100,2026-08-09,Customer payment for Order 0030,50000,SALE,RECORDED
E0031,TXN0031,C106,2026-08-21,Customer payment for Order 0031,7500,SALE,RECORDED
E0032,TXN0032,C138,2026-08-07,Customer payment for Order 0032,2500,SALE,RECORDED
E0033,TXN0033,C134,2026-08-17,Customer payment for Order 0033,1000,SALE,RECORDED
E0034,TXN0034,C101,2026-08-04,Customer payment for Order 0034,10000,SALE,RECORDED
E0035,TXN0035,C103,2026-08-08,Customer payment for Order 0035,75000,SALE,RECORDED
E0036,TXN0036,C131,2026-08-03,Customer payment for Order 0036,50000,SALE,RECORDED
E0037,TXN0037,C142,2026-08-16,Customer payment for Order 0037,50000,SALE,RECORDED
E0038,TXN0038,C138,2026-08-14,Customer payment for Order 0038,5000,SALE,RECORDED
E0039,TXN0039,C112,2026-08-10,Customer payment for Order 0039,15000,SALE,RECORDED
E0040,TXN0040,C141,2026-08-12,Customer payment for Order 0040,25000,SALE,RECORDED
E0041,TXN0041,C115,2026-08-08,Customer payment for Order 0041,1500,SALE,RECORDED
E0042,TXN0042,C135,2026-08-08,Customer payment for Order 0042,75000,SALE,RECORDED
E0043,TXN0043,C145,2026-08-21,Customer payment for Order 0043,1000,SALE,RECORDED
E0044,TXN0044,C121,2026-08-03,Customer payment for Order 0044,50000,SALE,RECORDED
E0045,TXN0045,C131,2026-08-07,Customer payment for Order 0045,50000,SALE,RECORDED
E0046,TXN0046,C136,2026-08-16,Customer payment for Order 0046,5000,SALE,RECORDED
E0047,TXN0047,C112,2026-08-04,Customer payment for Order 0047,1500,SALE,RECORDED
E0048,TXN0048,C127,2026-08-14,Customer payment for Order 0048,25000,SALE,RECORDED
E0049,TXN0049,C141,2026-08-21,Customer payment for Order 0049,1500,SALE,RECORDED
E0050,TXN0050,C121,2026-08-04,Customer payment for Order 0050,5000,SALE,RECORDED
E0051,TXN0051,C128,2026-08-05,Customer payment for Order 0051,15000,SALE,RECORDED
E0052,TXN0052,C115,2026-08-03,Customer payment for Order 0052,25000,SALE,RECORDED
E0053,TXN0053,C106,2026-08-02,Customer payment for Order 0053,50000,SALE,RECORDED
E0054,TXN0054,C148,2026-08-08,Customer payment for Order 0054,2500,SALE,RECORDED
E0055,TXN0055,C113,2026-08-13,Customer payment for Order 0055,1000,SALE,RECORDED
E0056,TXN0056,C124,2026-08-09,Customer payment for Order 0056,25000,SALE,RECORDED
E0057,TXN0057,C146,2026-08-18,Customer payment for Order 0057,25000,SALE,RECORDED
E0058,TXN0058,C113,2026-08-02,Customer payment for Order 0058,75000,SALE,RECORDED
E0059,TXN0059,C147,2026-08-11,Customer payment for Order 0059,1000,SALE,RECORDED
E0060,TXN0060,C132,2026-08-17,Customer payment for Order 0060,2500,SALE,RECORDED
E0061,TXN0061,C105,2026-08-06,Customer payment for Order 0061,1500,SALE,RECORDED
E0062,TXN0062,C115,2026-08-13,Customer payment for Order 0062,1500,SALE,RECORDED
E0063,TXN0063,C137,2026-08-20,Customer payment for Order 0063,1000,SALE,RECORDED
E0064,TXN0064,C142,2026-08-19,Customer payment for Order 0064,75000,SALE,RECORDED
E0065,TXN0065,C113,2026-08-11,Customer payment for Order 0065,5000,SALE,RECORDED
E0066,TXN0066,C142,2026-08-21,Customer payment for Order 0066,7500,SALE,RECORDED
E0067,TXN0067,C104,2026-08-01,Customer payment for Order 0067,25000,SALE,RECORDED
E0068,TXN0068,C106,2026-08-03,Customer payment for Order 0068,50000,SALE,RECORDED
E0069,TXN0069,C108,2026-08-12,Customer payment for Order 0069,1500,SALE,RECORDED
E0070,TXN0070,C110,2026-08-15,Customer payment for Order 0070,50000,SALE,RECORDED
E0071,TXN0071,C141,2026-08-17,Customer payment for Order 0071,1000,SALE,RECORDED
E0072,TXN0072,C119,2026-08-04,Customer payment for Order 0072,2500,SALE,RECORDED
E0073,TXN0073,C147,2026-08-18,Customer payment for Order 0073,2500,SALE,RECORDED
E0074,TXN0074,C113,2026-08-11,Customer payment for Order 0074,5000,SALE,RECORDED
E0075,TXN0075,C132,2026-08-16,Customer payment for Order 0075,7500,SALE,RECORDED
E0076,TXN0076,C140,2026-08-14,Customer payment for Order 0076,7500,SALE,RECORDED
E0077,TXN0077,C149,2026-08-05,Customer payment for Order 0077,7500,SALE,RECORDED
E0078,TXN0078,C135,2026-08-14,Customer payment for Order 0078,50000,SALE,RECORDED
E0079,TXN0079,C144,2026-08-05,Customer payment for Order 0079,50000,SALE,RECORDED
E0080,TXN0080,C137,2026-08-18,Customer payment for Order 0080,2500,SALE,RECORDED
E0081,TXN0081,C119,2026-08-12,Customer payment for Order 0081,1000,SALE,RECORDED
E0082,TXN0082,C115,2026-08-04,Customer payment for Order 0082,10000,SALE,RECORDED
E0083,TXN0083,C139,2026-08-05,Customer payment for Order 0083,5000,SALE,RECORDED
E0084,TXN0084,C101,2026-08-06,Customer payment for Order 0084,10000,SALE,RECORDED
E0085,TXN0085,C142,2026-08-08,Customer payment for Order 0085,7500,SALE,RECORDED
E0086,TXN0086,C106,2026-08-13,Customer payment for Order 0086,1000,SALE,RECORDED
E0087,TXN0087,C112,2026-08-15,Customer payment for Order 0087,10000,SALE,RECORDED
E0088,TXN0088,C114,2026-08-01,Customer payment for Order 0088,5000,SALE,RECORDED
E0089,TXN0089,C104,2026-08-09,Customer payment for Order 0089,10000,SALE,RECORDED
E0090,TXN0090,C143,2026-08-18,Customer payment for Order 0090,10000,SALE,RECORDED
E0091,TXN0091,C111,2026-08-19,Customer payment for Order 0091,7500,SALE,RECORDED
E0092,TXN0092,C127,2026-08-12,Customer payment for Order 0092,10000,SALE,RECORDED
E0093,TXN0093,C107,2026-08-13,Customer payment for Order 0093,75000,SALE,RECORDED
E0094,TXN0094,C145,2026-08-14,Customer payment for Order 0094,1000,SALE,RECORDED
E0095,TXN0095,C143,2026-08-07,Customer payment for Order 0095,10000,SALE,RECORDED
E0096,TXN0096,C121,2026-08-20,Customer payment for Order 0096,10000,SALE,RECORDED
E0097,TXN0097,C146,2026-08-10,Customer payment for Order 0097,50000,SALE,RECORDED
E0098,TXN0098,C120,2026-08-13,Customer payment for Order 0098,7500,SALE,RECORDED
E0099,TXN0099,C126,2026-08-13,Customer payment for Order 0099,2500,SALE,RECORDED
E0100,TXN0100,C125,2026-08-18,Customer payment for Order 0100,1000,SALE,RECORDED
E0101,TXN0101,C127,2026-08-19,Customer payment for Order 0101,75000,SALE,RECORDED
E0102,TXN0102,C128,2026-08-15,Customer payment for Order 0102,5000,SALE,RECORDED
E0103,TXN0103,C110,2026-08-03,Customer payment for Order 0103,7500,SALE,RECORDED
E0104,TXN0104,C139,2026-08-11,Customer payment for Order 0104,1500,SALE,RECORDED
E0105,TXN0105,C115,2026-08-10,Customer payment for Order 0105,5000,SALE,RECORDED
E0106,TXN0106,C101,2026-08-02,Customer payment for Order 0106,5000,SALE,RECORDED
E0107,TXN0107,C139,2026-08-03,Customer payment for Order 0107,25000,SALE,RECORDED
E0108,TXN0108,C136,2026-08-07,Customer payment for Order 0108,15000,SALE,RECORDED
E0109,TXN0109,C109,2026-08-21,Customer payment for Order 0109,1000,SALE,RECORDED
E0110,TXN0110,C114,2026-08-06,Customer payment for Order 0110,50000,SALE,RECORDED
E0111,TXN0111,C115,2026-08-04,Customer payment for Order 0111,25000,SALE,RECORDED
E0112,TXN0112,C142,2026-08-17,Customer payment for Order 0112,50000,SALE,RECORDED
E0113,TXN0113,C128,2026-08-20,Customer payment for Order 0113,50000,SALE,RECORDED
E0114,TXN0114,C128,2026-08-06,Customer payment for Order 0114,25000,SALE,RECORDED
E0115,TXN0115,C115,2026-08-21,Customer payment for Order 0115,7500,SALE,RECORDED
E0116,TXN0116,C131,2026-08-21,Customer payment for Order 0116,5000,SALE,RECORDED
E0117,TXN0117,C145,2026-08-10,Customer payment for Order 0117,5000,SALE,RECORDED
E0118,TXN0118,C134,2026-08-03,Customer payment for Order 0118,2500,SALE,RECORDED
E0119,TXN0119,C144,2026-08-05,Customer payment for Order 0119,5000,SALE,RECORDED
E0120,TXN0120,C121,2026-08-18,Customer payment for Order 0120,25000,SALE,RECORDED
E0121,TXN0121,C126,2026-08-13,Customer payment for Order 0121,75000,SALE,RECORDED
E0122,TXN0122,C124,2026-08-16,Customer payment for Order 0122,1000,SALE,RECORDED
E0123,TXN0123,C124,2026-08-14,Customer payment for Order 0123,50000,SALE,RECORDED
E0124,TXN0124,C138,2026-08-08,Customer payment for Order 0124,25000,SALE,RECORDED
E0125,TXN0125,C131,2026-08-01,Customer payment for Order 0125,15000,SALE,RECORDED
E0126,TXN0126,C125,2026-08-06,Customer payment for Order 0126,25000,SALE,RECORDED
E0127,TXN0127,C101,2026-08-13,Customer payment for Order 0127,75000,SALE,RECORDED
E0128,TXN0128,C105,2026-08-21,Customer payment for Order 0128,15000,SALE,RECORDED
E0129,TXN0129,C111,2026-08-02,Customer payment for Order 0129,7500,SALE,RECORDED
E0130,TXN0130,C129,2026-08-11,Customer payment for Order 0130,10000,SALE,RECORDED
E0131,TXN0131,C117,2026-08-14,Customer payment for Order 0131,7500,SALE,RECORDED
E0132,TXN0132,C101,2026-08-18,Customer payment for Order 0132,1000,SALE,RECORDED
E0133,TXN0133,C122,2026-08-08,Customer payment for Order 0133,1500,SALE,RECORDED
E0134,TXN0134,C102,2026-08-01,Customer payment for Order 0134,5000,SALE,RECORDED
E0135,TXN0135,C139,2026-08-05,Customer payment for Order 0135,5000,SALE,RECORDED
E0136,TXN0136,C107,2026-08-19,Customer payment for Order 0136,5000,SALE,RECORDED
E0137,TXN0137,C149,2026-08-12,Customer payment for Order 0137,2500,SALE,RECORDED
E0138,TXN0138,C145,2026-08-04,Customer payment for Order 0138,2500,SALE,RECORDED
E0139,TXN0139,C106,2026-08-19,Customer payment for Order 0139,1000,SALE,RECORDED
E0140,TXN0140,C124,2026-08-13,Customer payment for Order 0140,5000,SALE,RECORDED
E0141,TXN0141,C140,2026-08-08,Customer payment for Order 0141,1500,SALE,RECORDED
E0142,TXN0142,C143,2026-08-20,Customer payment for Order 0142,1500,SALE,RECORDED
E0143,TXN0143,C102,2026-08-12,Customer payment for Order 0143,50000,SALE,RECORDED
E0144,TXN0144,C104,2026-08-17,Customer payment for Order 0144,10000,SALE,RECORDED
E0145,TXN0145,C131,2026-08-04,Customer payment for Order 0145,15000,SALE,RECORDED
E0146,TXN0146,C140,2026-08-15,Customer payment for Order 0146,2500,SALE,RECORDED
E0147,TXN0147,C133,2026-08-21,Customer payment for Order 0147,7500,SALE,RECORDED
E0148,TXN0148,C149,2026-08-16,Customer payment for Order 0148,25000,SALE,RECORDED
E0149,TXN0149,C137,2026-08-09,Customer payment for Order 0149,10000,SALE,RECORDED
E0150,TXN0150,C117,2026-08-15,Customer payment for Order 0150,5000,SALE,RECORDED
E0151,TXN0151,C139,2026-08-13,Customer payment for Order 0151,10000,SALE,RECORDED
E0152,TXN0152,C111,2026-08-16,Customer payment for Order 0152,5000,SALE,RECORDED
E0153,TXN0153,C121,2026-08-09,Customer payment for Order 0153,75000,SALE,RECORDED
E0154,TXN0154,C135,2026-08-01,Customer payment for Order 0154,50000,SALE,RECORDED
E0155,TXN0155,C146,2026-08-14,Customer payment for Order 0155,25000,SALE,RECORDED
E0156,TXN0156,C144,2026-08-16,Customer payment for Order 0156,25000,SALE,RECORDED
E0157,TXN0157,C105,2026-08-10,Customer payment for Order 0157,5000,SALE,RECORDED
E0158,TXN0158,C119,2026-08-19,Customer payment for Order 0158,10000,SALE,RECORDED
E0159,TXN0159,C122,2026-08-14,Customer payment for Order 0159,50000,SALE,RECORDED
E0160,TXN0160,C129,2026-08-09,Customer payment for Order 0160,7500,SALE,RECORDED
E0161,TXN0161,C146,2026-08-07,Customer payment for Order 0161,10000,SALE,RECORDED
E0162,TXN0162,C148,2026-08-06,Customer payment for Order 0162,5000,SALE,RECORDED
E0163,TXN0163,C117,2026-08-19,Customer payment for Order 0163,50000,SALE,RECORDED
E0164,TXN0164,C112,2026-08-10,Customer payment for Order 0164,5000,SALE,RECORDED
E0165,TXN0165,C100,2026-08-18,Customer payment for Order 0165,2500,SALE,RECORDED
E0166,TXN0166,C135,2026-08-10,Customer payment for Order 0166,2500,SALE,RECORDED
E0167,TXN0167,C131,2026-08-04,Customer payment for Order 0167,1000,SALE,RECORDED
E0168,TXN0168,C130,2026-08-15,Customer payment for Order 0168,10000,SALE,RECORDED
E0169,TXN0169,C116,2026-08-16,Customer payment for Order 0169,1500,SALE,RECORDED
E0170,TXN0170,C131,2026-08-03,Customer payment for Order 0170,75000,SALE,RECORDED
E0171,TXN0171,C109,2026-08-05,Customer payment for Order 0171,75000,SALE,RECORDED
E0172,TXN0172,C107,2026-08-18,Customer payment for Order 0172,15000,SALE,RECORDED
E0173,TXN0173,C114,2026-08-17,Customer payment for Order 0173,15000,SALE,RECORDED
E0174,TXN0174,C119,2026-08-19,Customer payment for Order 0174,15000,SALE,RECORDED
E0175,TXN0175,C103,2026-08-20,Customer payment for Order 0175,1500,SALE,RECORDED
E0176,TXN0176,C113,2026-08-09,Customer payment for Order 0176,1500,SALE,RECORDED
E0177,TXN0177,C135,2026-08-03,Customer payment for Order 0177,2500,SALE,RECORDED
E0178,TXN0178,C144,2026-08-20,Customer payment for Order 0178,25000,SALE,RECORDED
E0179,TXN0179,C118,2026-08-10,Customer payment for Order 0179,25000,SALE,RECORDED
E0180,TXN0180,C116,2026-08-21,Customer payment for Order 0180,75000,SALE,RECORDED
E0181,TXN0181,C127,2026-08-04,Customer payment for Order 0181,50000,SALE,RECORDED
E0182,TXN0182,C117,2026-08-05,Customer payment for Order 0182,1500,SALE,RECORDED
E0183,TXN0183,C138,2026-08-19,Customer payment for Order 0183,7500,SALE,RECORDED
E0184,TXN0184,C144,2026-08-10,Customer payment for Order 0184,15000,SALE,RECORDED
E0185,TXN0185,C131,2026-08-15,Customer payment for Order 0185,1500,SALE,RECORDED
E0186,TXN0186,C147,2026-08-11,Customer payment for Order 0186,75000,SALE,RECORDED
E0187,TXN0187,C114,2026-08-19,Customer payment for Order 0187,75000,SALE,RECORDED
E0188,TXN0188,C136,2026-08-02,Customer payment for Order 0188,2500,SALE,RECORDED
E0189,TXN0189,C128,2026-08-09,Customer payment for Order 0189,2500,SALE,RECORDED
E0190,TXN0190,C127,2026-08-21,Customer payment for Order 0190,25000,SALE,RECORDED
E0191,TXN0191,C130,2026-08-12,Customer payment for Order 0191,15000,SALE,RECORDED
E0192,TXN0192,C106,2026-08-06,Customer payment for Order 0192,10000,SALE,RECORDED
E0193,TXN0193,C118,2026-08-13,Customer payment for Order 0193,50000,SALE,RECORDED
E0194,TXN0194,C120,2026-08-09,Customer payment for Order 0194,10000,SALE,RECORDED
E0195,TXN0195,C132,2026-08-01,Customer payment for Order 0195,50000,SALE,RECORDED
E0196,TXN0196,C112,2026-08-17,Customer payment for Order 0196,10000,SALE,RECORDED
E0197,TXN0197,C140,2026-08-15,Customer payment for Order 0197,1000,SALE,RECORDED
E0198,TXN0198,C108,2026-08-10,Customer payment for Order 0198,25000,SALE,RECORDED
E0199,TXN0199,C101,2026-08-21,Customer payment for Order 0199,75000,SALE,RECORDED
E0200,TXN0200,C110,2026-08-10,Customer payment for Order 0200,50000,SALE,RECORDED
E0201,TXN0201,C105,2026-08-08,Customer payment for Order 0201,1500,SALE,RECORDED
E0202,TXN0202,C141,2026-08-05,Customer payment for Order 0202,25000,SALE,RECORDED
E0203,TXN0203,C145,2026-08-09,Customer payment for Order 0203,15000,SALE,RECORDED
E0204,TXN0204,C115,2026-08-15,Customer payment for Order 0204,50000,SALE,RECORDED
E0205,TXN0205,C138,2026-08-17,Customer payment for Order 0205,2500,SALE,RECORDED
E0206,TXN0206,C121,2026-08-17,Customer payment for Order 0206,7500,SALE,RECORDED
E0207,TXN0207,C146,2026-08-10,Customer payment for Order 0207,75000,SALE,RECORDED
E0208,TXN0208,C131,2026-08-05,Customer payment for Order 0208,25000,SALE,RECORDED
E0209,TXN0209,C121,2026-08-18,Customer payment for Order 0209,50000,SALE,RECORDED
E0210,TXN0210,C112,2026-08-08,Customer payment for Order 0210,75000,SALE,RECORDED
E0211,TXN0211,C102,2026-08-11,Customer payment for Order 0211,25000,SALE,RECORDED
E0212,TXN0212,C124,2026-08-21,Customer payment for Order 0212,2500,SALE,RECORDED
E0213,TXN0213,C108,2026-08-17,Customer payment for Order 0213,75000,SALE,RECORDED
E0214,TXN0214,C128,2026-08-04,Customer payment for Order 0214,50000,SALE,RECORDED
E0215,TXN0215,C109,2026-08-14,Customer payment for Order 0215,2500,SALE,RECORDED
E0216,TXN0216,C121,2026-08-20,Customer payment for Order 0216,15000,SALE,RECORDED
E0217,TXN0217,C143,2026-08-18,Customer payment for Order 0217,15000,SALE,RECORDED
E0218,TXN0218,C148,2026-08-16,Customer payment for Order 0218,50000,SALE,RECORDED
E0219,TXN0219,C115,2026-08-21,Customer payment for Order 0219,7500,SALE,RECORDED
E0220,TXN0220,C147,2026-08-03,Customer payment for Order 0220,15000,SALE,RECORDED
E0221,TXN0221,C148,2026-08-21,Customer payment for Order 0221,1500,SALE,RECORDED
E0222,TXN0222,C119,2026-08-01,Customer payment for Order 0222,1000,SALE,RECORDED
E0223,TXN0223,C118,2026-08-12,Customer payment for Order 0223,10000,SALE,RECORDED
E0224,TXN0224,C133,2026-08-14,Customer payment for Order 0224,75000,SALE,RECORDED
E0225,TXN0225,C110,2026-08-06,Customer payment for Order 0225,1500,SALE,RECORDED
E0226,TXN0226,C139,2026-08-08,Customer payment for Order 0226,25000,SALE,RECORDED
E0227,TXN0227,C129,2026-08-21,Customer payment for Order 0227,7500,SALE,RECORDED
E0228,TXN0228,C100,2026-08-15,Customer payment for Order 0228,7500,SALE,RECORDED
E0229,TXN0229,C104,2026-08-15,Customer payment for Order 0229,10000,SALE,RECORDED
E0230,TXN0230,C119,2026-08-21,Customer payment for Order 0230,15000,SALE,RECORDED
E0231,TXN0231,C119,2026-08-07,Customer payment for Order 0231,15000,SALE,RECORDED
E0232,TXN0232,C115,2026-08-13,Customer payment for Order 0232,75000,SALE,RECORDED
E0233,TXN0233,C144,2026-08-10,Customer payment for Order 0233,1000,SALE,RECORDED
E0234,TXN0234,C142,2026-08-13,Customer payment for Order 0234,7500,SALE,RECORDED
E0235,TXN0235,C149,2026-08-02,Customer payment for Order 0235,75000,SALE,RECORDED
E0236,TXN0236,C149,2026-08-08,Customer payment for Order 0236,75000,SALE,RECORDED
E0237,TXN0237,C140,2026-08-07,Customer payment for Order 0237,75000,SALE,RECORDED
E0238,TXN0238,C146,2026-08-05,Customer payment for Order 0238,1500,SALE,RECORDED
E0239,TXN0239,C119,2026-08-15,Customer payment for Order 0239,1000,SALE,RECORDED
E0240,TXN0240,C108,2026-08-03,Customer payment for Order 0240,7500,SALE,RECORDED
E0241,TXN0241,C111,2026-08-07,Customer payment for Order 0241,2500,SALE,RECORDED
E0242,TXN0242,C133,2026-08-17,Customer payment for Order 0242,7500,SALE,RECORDED
E0243,TXN0243,C130,2026-08-10,Customer payment for Order 0243,10000,SALE,RECORDED
E0244,TXN0244,C104,2026-08-05,Customer payment for Order 0244,5000,SALE,RECORDED
E0245,TXN0245,C125,2026-08-18,Customer payment for Order 0245,10000,SALE,RECORDED
E0246,TXN0246,C100,2026-08-09,Customer payment for Order 0246,50000,SALE,RECORDED
E0247,TXN0247,C143,2026-08-09,Customer payment for Order 0247,75000,SALE,RECORDED
E0248,TXN0248,C123,2026-08-04,Customer payment for Order 0248,5000,SALE,RECORDED
E0249,TXN0249,C135,2026-08-11,Customer payment for Order 0249,75000,SALE,RECORDED
E0250,TXN0250,C140,2026-08-15,Customer payment for Order 0250,7500,SALE,RECORDED
E0251,TXN0251,C108,2026-08-02,Customer payment for Order 0251,1000,SALE,RECORDED
E0252,TXN0252,C107,2026-08-04,Customer payment for Order 0252,5000,SALE,RECORDED
E0253,TXN0253,C129,2026-08-12,Customer payment for Order 0253,50000,SALE,RECORDED
E0254,TXN0254,C146,2026-08-05,Customer payment for Order 0254,15000,SALE,RECORDED
E0255,TXN0255,C139,2026-08-14,Customer payment for Order 0255,7500,SALE,RECORDED
E0256,TXN0256,C113,2026-08-15,Customer payment for Order 0256,25000,SALE,RECORDED
E0257,TXN0257,C143,2026-08-12,Customer payment for Order 0257,50000,SALE,RECORDED
E0258,TXN0258,C103,2026-08-13,Customer payment for Order 0258,7500,SALE,RECORDED
E0259,TXN0259,C129,2026-08-03,Customer payment for Order 0259,5000,SALE,RECORDED
E0260,TXN0260,C101,2026-08-02,Customer payment for Order 0260,10000,SALE,RECORDED
E0261,TXN0261,C136,2026-08-07,Customer payment for Order 0261,1500,SALE,RECORDED
E0262,TXN0262,C113,2026-08-19,Customer payment for Order 0262,5000,SALE,RECORDED
E0263,TXN0263,C121,2026-08-05,Customer payment for Order 0263,75000,SALE,RECORDED
E0264,TXN0264,C108,2026-08-18,Customer payment for Order 0264,7500,SALE,RECORDED
E0265,TXN0265,C142,2026-08-01,Customer payment for Order 0265,2500,SALE,RECORDED
E0266,TXN0266,C137,2026-08-11,Customer payment for Order 0266,1000,SALE,RECORDED
E0267,TXN0267,C108,2026-08-14,Customer payment for Order 0267,50000,SALE,RECORDED
E0268,TXN0268,C130,2026-08-15,Customer payment for Order 0268,10000,SALE,RECORDED
E0269,TXN0269,C128,2026-08-17,Customer payment for Order 0269,5000,SALE,RECORDED
E0270,TXN0270,C142,2026-08-17,Customer payment for Order 0270,7500,SALE,RECORDED
E0271,TXN0271,C103,2026-08-16,Customer payment for Order 0271,15000,SALE,RECORDED
E0272,TXN0272,C131,2026-08-15,Customer payment for Order 0272,1500,SALE,RECORDED
E0273,TXN0273,C109,2026-08-03,Customer payment for Order 0273,2500,SALE,RECORDED
E0274,TXN0274,C137,2026-08-18,Customer payment for Order 0274,10000,SALE,RECORDED
E0275,TXN0275,C133,2026-08-10,Customer payment for Order 0275,25000,SALE,RECORDED
E0276,TXN0276,C106,2026-08-04,Customer payment for Order 0276,50000,SALE,RECORDED
E0277,TXN0277,C127,2026-08-15,Customer payment for Order 0277,5000,SALE,RECORDED
E0278,TXN0278,C125,2026-08-14,Customer payment for Order 0278,1500,SALE,RECORDED
E0279,TXN0279,C142,2026-08-09,Customer payment for Order 0279,10000,SALE,RECORDED
E0280,TXN0280,C104,2026-08-03,Customer payment for Order 0280,1500,SALE,RECORDED
E0281,TXN0281,C147,2026-08-12,Customer payment for Order 0281,2500,SALE,RECORDED
E0282,TXN0282,C135,2026-08-18,Customer payment for Order 0282,10000,SALE,RECORDED
E0283,TXN0283,C122,2026-08-14,Customer payment for Order 0283,1000,SALE,RECORDED
E0284,TXN0284,C138,2026-08-10,Customer payment for Order 0284,10000,SALE,RECORDED
E0285,TXN0285,C113,2026-08-05,Customer payment for Order 0285,25000,SALE,RECORDED
E0286,TXN0286,C122,2026-08-18,Customer payment for Order 0286,10000,SALE,RECORDED
E0287,TXN0287,C136,2026-08-08,Customer payment for Order 0287,15000,SALE,RECORDED
E0288,TXN0288,C139,2026-08-21,Customer payment for Order 0288,50000,SALE,RECORDED
E0289,TXN0289,C144,2026-08-09,Customer payment for Order 0289,1000,SALE,RECORDED
E0290,TXN0290,C148,2026-08-10,Customer payment for Order 0290,10000,SALE,RECORDED
E0291,TXN0291,C109,2026-08-19,Customer payment for Order 0291,15000,SALE,RECORDED
E0292,TXN0292,C140,2026-08-01,Customer payment for Order 0292,1500,SALE,RECORDED
E0293,TXN0293,C124,2026-08-14,Customer payment for Order 0293,25000,SALE,RECORDED
E0294,TXN0294,C119,2026-08-11,Customer payment for Order 0294,75000,SALE,RECORDED
E0295,TXN0295,C109,2026-08-06,Customer payment for Order 0295,75000,SALE,RECORDED
E0296,TXN0296,C117,2026-08-15,Customer payment for Order 0296,15000,SALE,RECORDED
E0297,TXN0297,C126,2026-08-09,Customer payment for Order 0297,5000,SALE,RECORDED
E0298,TXN0298,C122,2026-08-14,Customer payment for Order 0298,1500,SALE,RECORDED
E0299,TXN0299,C137,2026-08-16,Customer payment for Order 0299,50000,SALE,RECORDED
E0300,TXN0300,C114,2026-08-13,Customer payment for Order 0300,75000,SALE,RECORDED
E0301,TXN0301,C119,2026-08-07,Customer payment for Order 0301,2500,SALE,RECORDED
E0302,TXN0302,C120,2026-08-04,Customer payment for Order 0302,1000,SALE,RECORDED
E0303,TXN0303,C111,2026-08-05,Customer payment for Order 0303,15000,SALE,RECORDED
E0304,TXN0304,C132,2026-08-18,Customer payment for Order 0304,10000,SALE,RECORDED
E0305,TXN0305,C102,2026-08-14,Customer payment for Order 0305,1000,SALE,RECORDED
E0306,TXN0306,C120,2026-08-19,Customer payment for Order 0306,15000,SALE,RECORDED
E0307,TXN0307,C140,2026-08-14,Customer payment for Order 0307,7500,SALE,RECORDED
E0308,TXN0308,C120,2026-08-06,Customer payment for Order 0308,75000,SALE,RECORDED
E0309,TXN0309,C123,2026-08-03,Customer payment for Order 0309,15000,SALE,RECORDED
E0310,TXN0310,C127,2026-08-19,Customer payment for Order 0310,15000,SALE,RECORDED
E0311,TXN0311,C119,2026-08-11,Customer payment for Order 0311,5000,SALE,RECORDED
E0312,TXN0312,C104,2026-08-17,Customer payment for Order 0312,1500,SALE,RECORDED
E0313,TXN0313,C149,2026-08-12,Customer payment for Order 0313,10000,SALE,RECORDED
E0314,TXN0314,C109,2026-08-08,Customer payment for Order 0314,1500,SALE,RECORDED
E0315,TXN0315,C111,2026-08-20,Customer payment for Order 0315,2500,SALE,RECORDED
E0316,TXN0316,C104,2026-08-06,Customer payment for Order 0316,25000,SALE,RECORDED
E0317,TXN0317,C148,2026-08-19,Customer payment for Order 0317,25000,SALE,RECORDED
E0318,TXN0318,C141,2026-08-21,Customer payment for Order 0318,75000,SALE,RECORDED
E0319,TXN0319,C120,2026-08-05,Customer payment for Order 0319,25000,SALE,RECORDED
E0320,TXN0320,C140,2026-08-10,Customer payment for Order 0320,7500,SALE,RECORDED
E0321,TXN0321,C132,2026-08-03,Customer payment for Order 0321,7500,SALE,RECORDED
E0322,TXN0322,C103,2026-08-12,Customer payment for Order 0322,7500,SALE,RECORDED
E0323,TXN0323,C139,2026-08-20,Customer payment for Order 0323,50000,SALE,RECORDED
E0324,TXN0324,C135,2026-08-02,Customer payment for Order 0324,25000,SALE,RECORDED
E0325,TXN0325,C112,2026-08-11,Customer payment for Order 0325,75000,SALE,RECORDED
E0326,TXN0326,C103,2026-08-15,Customer payment for Order 0326,1500,SALE,RECORDED
E0327,TXN0327,C145,2026-08-03,Customer payment for Order 0327,50000,SALE,RECORDED
E0328,TXN0328,C115,2026-08-15,Customer payment for Order 0328,25000,SALE,RECORDED
E0329,TXN0329,C110,2026-08-12,Customer payment for Order 0329,10000,SALE,RECORDED
E0330,TXN0330,C149,2026-08-11,Customer payment for Order 0330,75000,SALE,RECORDED
E0331,TXN0331,C141,2026-08-11,Customer payment for Order 0331,1500,SALE,RECORDED
E0332,TXN0332,C143,2026-08-13,Customer payment for Order 0332,7500,SALE,RECORDED
E0333,TXN0333,C138,2026-08-05,Customer payment for Order 0333,10000,SALE,RECORDED
E0334,TXN0334,C109,2026-08-12,Customer payment for Order 0334,7500,SALE,RECORDED
E0335,TXN0335,C144,2026-08-13,Customer payment for Order 0335,2500,SALE,RECORDED
E0336,TXN0336,C119,2026-08-18,Customer payment for Order 0336,15000,SALE,RECORDED
E0337,TXN0337,C108,2026-08-17,Customer payment for Order 0337,1500,SALE,RECORDED
E0338,TXN0338,C132,2026-08-12,Customer payment for Order 0338,1000,SALE,RECORDED
E0339,TXN0339,C113,2026-08-11,Customer payment for Order 0339,25000,SALE,RECORDED
E0340,TXN0340,C109,2026-08-03,Customer payment for Order 0340,7500,SALE,RECORDED
E0341,TXN0341,C132,2026-08-18,Customer payment for Order 0341,50000,SALE,RECORDED
E0342,TXN0342,C149,2026-08-20,Customer payment for Order 0342,2500,SALE,RECORDED
E0343,TXN0343,C110,2026-08-06,Customer payment for Order 0343,75000,SALE,RECORDED
E0344,TXN0344,C146,2026-08-15,Customer payment for Order 0344,1000,SALE,RECORDED
E0345,TXN0345,C146,2026-08-08,Customer payment for Order 0345,25000,SALE,RECORDED
E0346,TXN0346,C147,2026-08-15,Customer payment for Order 0346,5000,SALE,RECORDED
E0347,TXN0347,C130,2026-08-07,Customer payment for Order 0347,10000,SALE,RECORDED
E0348,TXN0348,C128,2026-08-15,Customer payment for Order 0348,7500,SALE,RECORDED
E0349,TXN0349,C133,2026-08-14,Customer payment for Order 0349,2500,SALE,RECORDED
E0350,TXN0350,C108,2026-08-09,Customer payment for Order 0350,1000,SALE,RECORDED
E0351,TXN0351,C135,2026-08-04,Customer payment for Order 0351,50000,SALE,RECORDED
E0352,TXN0352,C105,2026-08-06,Customer payment for Order 0352,7500,SALE,RECORDED
E0353,TXN0353,C109,2026-08-14,Customer payment for Order 0353,1500,SALE,RECORDED
E0354,TXN0354,C122,2026-08-01,Customer payment for Order 0354,15000,SALE,RECORDED
E0355,TXN0355,C123,2026-08-08,Customer payment for Order 0355,15000,SALE,RECORDED
E0356,TXN0356,C123,2026-08-08,Customer payment for Order 0356,1000,SALE,RECORDED
E0357,TXN0357,C145,2026-08-21,Customer payment for Order 0357,10000,SALE,RECORDED
E0358,TXN0358,C102,2026-08-10,Customer payment for Order 0358,25000,SALE,RECORDED
E0359,TXN0359,C148,2026-08-16,Customer payment for Order 0359,25000,SALE,RECORDED
E0360,TXN0360,C101,2026-08-09,Customer payment for Order 0360,5000,SALE,RECORDED
E0361,TXN0361,C146,2026-08-20,Customer payment for Order 0361,50000,SALE,RECORDED
E0362,TXN0362,C115,2026-08-10,Customer payment for Order 0362,1500,SALE,RECORDED
E0363,TXN0363,C140,2026-08-20,Customer payment for Order 0363,25000,SALE,RECORDED
E0364,TXN0364,C138,2026-08-18,Customer payment for Order 0364,1000,SALE,RECORDED
E0365,TXN0365,C115,2026-08-05,Customer payment for Order 0365,7500,SALE,RECORDED
E0366,TXN0366,C122,2026-08-08,Customer payment for Order 0366,75000,SALE,RECORDED
E0367,TXN0367,C142,2026-08-03,Customer payment for Order 0367,50000,SALE,RECORDED
E0368,TXN0368,C104,2026-08-17,Customer payment for Order 0368,50000,SALE,RECORDED
E0369,TXN0369,C135,2026-08-01,Customer payment for Order 0369,15000,SALE,RECORDED
E0370,TXN0370,C124,2026-08-12,Customer payment for Order 0370,7500,SALE,RECORDED
E0371,TXN0371,C104,2026-08-12,Customer payment for Order 0371,5000,SALE,RECORDED
E0372,TXN0372,C106,2026-08-19,Customer payment for Order 0372,10000,SALE,RECORDED
E0373,TXN0373,C134,2026-08-11,Customer payment for Order 0373,2500,SALE,RECORDED
E0374,TXN0374,C129,2026-08-16,Customer payment for Order 0374,2500,SALE,RECORDED
E0375,TXN0375,C145,2026-08-15,Customer payment for Order 0375,1000,SALE,RECORDED
E0376,TXN0376,C112,2026-08-02,Customer payment for Order 0376,10000,SALE,RECORDED
E0377,TXN0377,C134,2026-08-16,Customer payment for Order 0377,7500,SALE,RECORDED
E0378,TXN0378,C112,2026-08-10,Customer payment for Order 0378,10000,SALE,RECORDED
E0379,TXN0379,C121,2026-08-09,Customer payment for Order 0379,1500,SALE,RECORDED
E0380,TXN0380,C125,2026-08-15,Customer payment for Order 0380,15000,SALE,RECORDED
E0381,TXN0381,C131,2026-08-16,Customer payment for Order 0381,10000,SALE,RECORDED
E0382,TXN0382,C105,2026-08-14,Customer payment for Order 0382,1500,SALE,RECORDED
E0383,TXN0383,C134,2026-08-10,Customer payment for Order 0383,10000,SALE,RECORDED
E0384,TXN0384,C142,2026-08-10,Customer payment for Order 0384,7500,SALE,RECORDED
E0385,TXN0385,C127,2026-08-06,Customer payment for Order 0385,25000,SALE,RECORDED
E0386,TXN0386,C146,2026-08-12,Customer payment for Order 0386,75000,SALE,RECORDED
E0387,TXN0387,C117,2026-08-21,Customer payment for Order 0387,1000,SALE,RECORDED
E0388,TXN0388,C125,2026-08-12,Customer payment for Order 0388,50000,SALE,RECORDED
E0389,TXN0389,C110,2026-08-01,Customer payment for Order 0389,2500,SALE,RECORDED
E0390,TXN0390,C128,2026-08-02,Customer payment for Order 0390,2500,SALE,RECORDED
E0391,TXN0391,C123,2026-08-12,Customer payment for Order 0391,15000,SALE,RECORDED
E0392,TXN0392,C109,2026-08-15,Customer payment for Order 0392,10000,SALE,RECORDED
E0393,TXN0393,C136,2026-08-05,Customer payment for Order 0393,50000,SALE,RECORDED
E0394,TXN0394,C141,2026-08-09,Customer payment for Order 0394,5000,SALE,RECORDED
E0395,TXN0395,C101,2026-08-06,Customer payment for Order 0395,25000,SALE,RECORDED
E0396,TXN0396,C107,2026-08-09,Customer payment for Order 0396,7500,SALE,RECORDED
E0397,TXN0397,C139,2026-08-10,Customer payment for Order 0397,25000,SALE,RECORDED
E0398,TXN0398,C104,2026-08-15,Customer payment for Order 0398,2500,SALE,RECORDED
E0399,TXN0399,C143,2026-08-11,Customer payment for Order 0399,10000,SALE,RECORDED
E0400,TXN0400,C134,2026-08-10,Customer payment for Order 0400,7500,SALE,RECORDED
E0401,TXN0401,C145,2026-08-21,Customer payment for Order 0401,2500,SALE,RECORDED
E0402,TXN0402,C114,2026-08-04,Customer payment for Order 0402,5000,SALE,RECORDED
E0403,TXN0403,C131,2026-08-01,Customer payment for Order 0403,10000,SALE,RECORDED
E0404,TXN0404,C129,2026-08-18,Customer payment for Order 0404,2500,SALE,RECORDED
E0405,TXN0405,C104,2026-08-10,Customer payment for Order 0405,15000,SALE,RECORDED
E0406,TXN0406,C146,2026-08-16,Customer payment for Order 0406,50000,SALE,RECORDED
E0407,TXN0407,C136,2026-08-03,Customer payment for Order 0407,2500,SALE,RECORDED
E0408,TXN0408,C141,2026-08-03,Customer payment for Order 0408,25000,SALE,RECORDED
E0409,TXN0409,C122,2026-08-05,Customer payment for Order 0409,50000,SALE,RECORDED
E0410,TXN0410,C149,2026-08-05,Customer payment for Order 0410,15000,SALE,RECORDED
E0411,TXN0411,C107,2026-08-17,Customer payment for Order 0411,2500,SALE,RECORDED
E0412,TXN0412,C120,2026-08-08,Customer payment for Order 0412,10000,SALE,RECORDED
E0413,TXN0413,C105,2026-08-09,Customer payment for Order 0413,5000,SALE,RECORDED
E0414,TXN0414,C117,2026-08-05,Customer payment for Order 0414,7500,SALE,RECORDED
E0415,TXN0415,C132,2026-08-21,Customer payment for Order 0415,2500,SALE,RECORDED
E0416,TXN0416,C109,2026-08-06,Customer payment for Order 0416,75000,SALE,RECORDED
E0417,TXN0417,C121,2026-08-19,Customer payment for Order 0417,1000,SALE,RECORDED
E0418,TXN0418,C105,2026-08-02,Customer payment for Order 0418,75000,SALE,RECORDED
E0419,TXN0419,C149,2026-08-19,Customer payment for Order 0419,15000,SALE,RECORDED
E0420,TXN0420,C131,2026-08-21,Customer payment for Order 0420,50000,SALE,RECORDED
E0421,TXN0421,C130,2026-08-08,Customer payment for Order 0421,15000,SALE,RECORDED
E0422,TXN0422,C144,2026-08-02,Customer payment for Order 0422,2500,SALE,RECORDED
E0423,TXN0423,C129,2026-08-07,Customer payment for Order 0423,10000,SALE,RECORDED
E0424,TXN0424,C145,2026-08-11,Customer payment for Order 0424,10000,SALE,RECORDED
E0425,TXN0425,C108,2026-08-12,Customer payment for Order 0425,50000,SALE,RECORDED
E0426,TXN0426,C115,2026-08-15,Customer payment for Order 0426,1500,SALE,RECORDED
E0427,TXN0427,C109,2026-08-04,Customer payment for Order 0427,1000,SALE,RECORDED
E0428,TXN0428,C139,2026-08-14,Customer payment for Order 0428,5000,SALE,RECORDED
E0429,TXN0429,C110,2026-08-11,Customer payment for Order 0429,75000,SALE,RECORDED
E0430,TXN0430,C148,2026-08-06,Customer payment for Order 0430,25000,SALE,RECORDED
E0431,TXN0431,C129,2026-08-16,Customer payment for Order 0431,7500,SALE,RECORDED
E0432,TXN0432,C125,2026-08-17,Customer payment for Order 0432,25000,SALE,RECORDED
E0433,TXN0433,C113,2026-08-19,Customer payment for Order 0433,10000,SALE,RECORDED
E0434,TXN0434,C131,2026-08-20,Customer payment for Order 0434,25000,SALE,RECORDED
E0435,TXN0435,C106,2026-08-14,Customer payment for Order 0435,2500,SALE,RECORDED
E0436,TXN0436,C148,2026-08-13,Customer payment for Order 0436,10000,SALE,RECORDED
E0437,TXN0437,C136,2026-08-18,Customer payment for Order 0437,5000,SALE,RECORDED
E0438,TXN0438,C104,2026-08-13,Customer payment for Order 0438,50000,SALE,RECORDED
E0439,TXN0439,C117,2026-08-20,Customer payment for Order 0439,75000,SALE,RECORDED
E0440,TXN0440,C125,2026-08-12,Customer payment for Order 0440,10000,SALE,RECORDED
E0441,TXN0441,C148,2026-08-05,Customer payment for Order 0441,5000,SALE,RECORDED
E0442,TXN0442,C132,2026-08-02,Customer payment for Order 0442,1000,SALE,RECORDED
E0443,TXN0443,C121,2026-08-16,Customer payment for Order 0443,50000,SALE,RECORDED
E0444,TXN0444,C132,2026-08-05,Customer payment for Order 0444,10000,SALE,RECORDED
E0445,TXN0445,C125,2026-08-20,Customer payment for Order 0445,7500,SALE,RECORDED
E0446,TXN0446,C132,2026-08-18,Customer payment for Order 0446,25000,SALE,RECORDED
E0447,TXN0447,C130,2026-08-01,Customer payment for Order 0447,10000,SALE,RECORDED
E0448,TXN0448,C126,2026-08-19,Customer payment for Order 0448,7500,SALE,RECORDED
E0449,TXN0449,C144,2026-08-21,Customer payment for Order 0449,1000,SALE,RECORDED
E0450,TXN0450,C141,2026-08-19,Customer payment for Order 0450,75000,SALE,RECORDED
E0451,TXN0451,C137,2026-08-16,Customer payment for Order 0451,2500,SALE,RECORDED
E0452,TXN0452,C139,2026-08-13,Customer payment for Order 0452,2500,SALE,RECORDED
E0453,TXN0453,C102,2026-08-19,Customer payment for Order 0453,1500,SALE,RECORDED
E0454,TXN0454,C120,2026-08-14,Customer payment for Order 0454,2500,SALE,RECORDED
E0455,TXN0455,C126,2026-08-17,Customer payment for Order 0455,75000,SALE,RECORDED
E0456,TXN0456,C103,2026-08-05,Customer payment for Order 0456,50000,SALE,RECORDED
E0457,TXN0457,C142,2026-08-16,Customer payment for Order 0457,50000,SALE,RECORDED
E0458,TXN0458,C129,2026-08-18,Customer payment for Order 0458,10000,SALE,RECORDED
E0459,TXN0459,C149,2026-08-21,Customer payment for Order 0459,7500,SALE,RECORDED
E0460,TXN0460,C115,2026-08-09,Customer payment for Order 0460,50000,SALE,RECORDED
E0461,TXN0461,C149,2026-08-10,Customer payment for Order 0461,5000,SALE,RECORDED
E0462,TXN0462,C120,2026-08-16,Customer payment for Order 0462,10000,SALE,RECORDED
E0463,TXN0463,C117,2026-08-10,Customer payment for Order 0463,1500,SALE,RECORDED
E0464,TXN0464,C124,2026-08-13,Customer payment for Order 0464,10000,SALE,RECORDED
E0465,TXN0465,C102,2026-08-10,Customer payment for Order 0465,1500,SALE,RECORDED
E0466,TXN0466,C141,2026-08-09,Customer payment for Order 0466,25000,SALE,RECORDED
E0467,TXN0467,C117,2026-08-18,Customer payment for Order 0467,7500,SALE,RECORDED
E0468,TXN0468,C147,2026-08-19,Customer payment for Order 0468,5000,SALE,RECORDED
E0469,TXN0469,C133,2026-08-08,Customer payment for Order 0469,5000,SALE,RECORDED
E0470,TXN0470,C121,2026-08-16,Customer payment for Order 0470,1500,SALE,RECORDED
E0471,TXN0471,C100,2026-08-18,Customer payment for Order 0471,2500,SALE,RECORDED
E0472,TXN0472,C130,2026-08-21,Customer payment for Order 0472,5000,SALE,RECORDED
E0473,TXN0473,C120,2026-08-10,Customer payment for Order 0473,1000,SALE,RECORDED
E0474,TXN0474,C136,2026-08-08,Customer payment for Order 0474,50000,SALE,RECORDED
E0475,TXN0475,C111,2026-08-14,Customer payment for Order 0475,2500,SALE,RECORDED
E0476,TXN0476,C131,2026-08-06,Customer payment for Order 0476,7500,SALE,RECORDED
E0477,TXN0477,C136,2026-08-20,Customer payment for Order 0477,1500,SALE,RECORDED
E0478,TXN0478,C129,2026-08-21,Customer payment for Order 0478,50000,SALE,RECORDED
E0479,TXN0479,C132,2026-08-15,Customer payment for Order 0479,7500,SALE,RECORDED
E0480,TXN0480,C121,2026-08-06,Customer payment for Order 0480,25000,SALE,RECORDED
E0481,TXN0481,C111,2026-08-01,Customer payment for Order 0481,10000,SALE,RECORDED
E0482,TXN0482,C143,2026-08-07,Customer payment for Order 0482,2500,SALE,RECORDED
E0483,TXN0483,C125,2026-08-14,Customer payment for Order 0483,50000,SALE,RECORDED
E0484,TXN0484,C142,2026-08-04,Customer payment for Order 0484,2500,SALE,RECORDED
E0485,TXN0485,C130,2026-08-11,Customer payment for Order 0485,5000,SALE,RECORDED
E0486,TXN0486,C115,2026-08-15,Customer payment for Order 0486,7500,SALE,RECORDED
E0487,TXN0487,C146,2026-08-19,Customer payment for Order 0487,1000,SALE,RECORDED
E0488,TXN0488,C144,2026-08-08,Customer payment for Order 0488,1000,SALE,RECORDED
E0489,TXN0489,C119,2026-08-06,Customer payment for Order 0489,15000,SALE,RECORDED
E0490,TXN0490,C149,2026-08-10,Customer payment for Order 0490,1500,SALE,RECORDED
E0491,TXN0491,C123,2026-08-20,Customer payment for Order 0491,5000,SALE,RECORDED
E0492,TXN0492,C130,2026-08-05,Customer payment for Order 0492,25000,SALE,RECORDED
E0493,TXN0493,C123,2026-08-14,Customer payment for Order 0493,50000,SALE,RECORDED
E0494,TXN0494,C113,2026-08-08,Customer payment for Order 0494,75000,SALE,RECORDED
E0495,TXN0495,C128,2026-08-17,Customer payment for Order 0495,10000,SALE,RECORDED
E0496,TXN0496,C107,2026-08-02,Customer payment for Order 0496,50000,SALE,RECORDED
E0497,TXN0497,C134,2026-08-05,Customer payment for Order 0497,2500,SALE,RECORDED
E0498,TXN0498,C128,2026-08-04,Customer payment for Order 0498,5000,SALE,RECORDED
E0499,TXN0499,C105,2026-08-17,Customer payment for Order 0499,25000,SALE,RECORDED
E0500,TXN0500,C108,2026-08-17,Customer payment for Order 0500,15000,SALE,RECORDED
