payment_id,settlement_id,transaction_id,customer_id,payment_date,gross_amount,fee,refund_amount,net_settlement,settlement_date,settlement_status,reference
PAY0001,SET0001,TXN0001,C140,2026-08-04,1000.0,0.0,0.0,1000.0,2026-08-05,SETTLED,RZP-TXN000X
PAY0002,SET0002,TXN0002,C114,2026-08-05,1500.0,0.0,0.0,1500.0,2026-08-08,SETTLED,RZP-TXN0002
PAY0003,SET0003,TXN0003,C105,2026-08-19,15000.0,0.0,0.0,15000.0,2026-08-20,SETTLED,RZP-TXN0003
PAY0004,SET0004,TXN0004,C113,2026-08-08,50000.0,0.0,5000.0,45000.0,2026-08-09,SETTLED,RZP-TXN0004
PAY0005,SET0005,TXN0005,C112,2026-08-21,50000.0,0.0,0.0,50000.0,2026-08-22,SETTLED,RZP-TXN0005
PAY0006,SET0006,TXN0006,C137,2026-08-09,1000.0,0.0,0.0,1000.0,2026-08-10,SETTLED,RZP-TXN000X
PAY0007,SET0007,TXN0007,C144,2026-08-14,10000.0,0.0,0.0,10000.0,2026-08-15,SETTLED,RZP-TXN0007
PAY0008,SET0008,TXN0008,C148,2026-08-11,1500.0,0.0,0.0,1500.0,2026-08-12,SETTLED,RZP-TXN0008
PAY0009,SET0009,TXN0009,C122,2026-08-12,75000.0,0.0,0.0,75000.0,2026-08-13,SETTLED,RZP-TXN0009
PAY0010,SET0010,TXN0010,C146,2026-08-15,50000.0,0.0,0.0,50000.0,2026-08-16,SETTLED,RZP-TXN0010
PAY0011,SET0011,TXN0011,C105,2026-08-18,7500.0,0.0,0.0,4500.0,2026-08-19,SETTLED,RZP-TXN0011
PAY0012,SET0012,TXN0012,C123,2026-08-19,5000.0,0.0,0.0,5000.0,2026-08-22,SETTLED,RZP-TXN0012
PAY0013,SET0013,TXN0013,C142,2026-08-08,7500.0,0.0,0.0,7500.0,2026-08-09,SETTLED,RZP-TXN0013
PAY0014,SET0014,TXN0014,C114,2026-08-04,15000.0,0.0,0.0,15000.0,2026-08-05,SETTLED,RZP-TXN0014
PAY0015,SET0015,TXN0015,C123,2026-08-06,10000.0,0.0,0.0,10000.0,2026-08-07,SETTLED,RZP-TXN0015
PAY0016,SET0016,TXN0016,C117,2026-08-21,1500.0,0.0,150.0,1350.0,2026-08-22,SETTLED,RZP-TXN0016
PAY0017,SET0017,TXN0017,C134,2026-08-08,2500.0,50.0,0.0,2450.0,2026-08-09,SETTLED,RZP-TXN0017
PAY0018,SET0018,TXN0018,C140,2026-08-18,5000.0,0.0,0.0,5000.0,2026-08-21,SETTLED,RZP-TXN0018
PAY0019,SET0019,TXN0019,C114,2026-08-02,10000.0,0.0,0.0,10000.0,2026-08-03,SETTLED,RZP-TXN0019
PAY0020,SET0020,TXN0020,C113,2026-08-19,10000.0,0.0,0.0,10000.0,2026-08-20,SETTLED,RZP-TXN0020
PAY0021,SET0021,TXN0021,C125,2026-08-21,25000.0,0.0,0.0,25000.0,2026-08-22,SETTLED,RZP-TXN0021
PAY0022,SET0022,TXN0022,C115,2026-08-18,50000.0,0.0,0.0,50000.0,2026-08-19,SETTLED,RZP-TXN0022
PAY0023,SET0023,TXN0023,C127,2026-08-19,15000.0,0.0,0.0,15000.0,2026-08-20,SETTLED,RZP-TXN0023
PAY0024,SET0024,TXN0024,C132,2026-08-16,1500.0,0.0,0.0,1500.0,2026-08-17,SETTLED,RZP-TXN002X
PAY0025,SET0025,TXN0025,C109,2026-08-21,2500.0,0.0,0.0,1500.0,2026-08-22,SETTLED,RZP-TXN0025
PAY0026,SET0026,TXN0026,C138,2026-08-03,15000.0,0.0,0.0,15000.0,2026-08-04,SETTLED,RZP-TXN0026
PAY0027,SET0027_1,TXN0027,C133,2026-08-09,30000.0,0.0,0.0,30000.0,2026-08-10,SETTLED,RZP-TXN0027-1
PAY0027,SET0027_2,TXN0027,C133,2026-08-09,20000.0,0.0,0.0,20000.0,2026-08-10,SETTLED,RZP-TXN0027-2
PAY0028,SET0028,TXN0028,C146,2026-08-04,50000.0,0.0,0.0,50000.0,2026-08-05,SETTLED,RZP-TXN002X
PAY0029,SET0029,TXN0029,C121,2026-08-04,7500.0,0.0,0.0,7500.0,2026-08-05,SETTLED,RZP-TXN0029
PAY0030,SET0030,TXN0030,C100,2026-08-09,50000.0,0.0,0.0,50000.0,2026-08-10,SETTLED,RZP-TXN003X
PAY0031,SET0031,TXN0031,C106,2026-08-21,7500.0,0.0,0.0,4500.0,2026-08-22,SETTLED,RZP-TXN0031
PAY0032,SET0032,TXN0032,C138,2026-08-07,2500.0,0.0,0.0,2500.0,2026-08-08,SETTLED,RZP-TXN0032
PAY0033,SET0033,TXN0033,C134,2026-08-17,1000.0,0.0,100.0,900.0,2026-08-18,SETTLED,RZP-TXN0033
PAY0034,SET0034_1,TXN0034,C101,2026-08-04,6000.0,0.0,0.0,6000.0,2026-08-05,SETTLED,RZP-TXN0034-1
PAY0034,SET0034_2,TXN0034,C101,2026-08-04,4000.0,0.0,0.0,4000.0,2026-08-05,SETTLED,RZP-TXN0034-2
PAY0035,SET0035,TXN0035,C103,2026-08-08,75000.0,0.0,0.0,74500.0,2026-08-09,SETTLED,RZP-TXN0035
PAY0036,SET0036,TXN0036,C131,2026-08-03,50000.0,0.0,0.0,50000.0,2026-08-04,SETTLED,RZP-TXN003X
PAY0037,SET0037,TXN0037,C142,2026-08-16,50000.0,0.0,0.0,50000.0,2026-08-17,SETTLED,RZP-TXN0037
PAY0038,SET0038,TXN0038,C138,2026-08-14,5000.0,0.0,0.0,3000.0,2026-08-15,SETTLED,RZP-TXN0038
PAY0039,SET0039,TXN0039,C112,2026-08-10,15000.0,0.0,0.0,15000.0,2026-08-11,SETTLED,RZP-TXN0039
PAY0040,SET0040_1,TXN0040,C141,2026-08-12,15000.0,0.0,0.0,15000.0,2026-08-13,SETTLED,RZP-TXN0040-1
PAY0040,SET0040_2,TXN0040,C141,2026-08-12,10000.0,0.0,0.0,10000.0,2026-08-13,SETTLED,RZP-TXN0040-2
PAY0041,SET0041,TXN0041,C115,2026-08-08,1500.0,0.0,0.0,1500.0,2026-08-09,SETTLED,RZP-TXN0041
PAY0042,SET0042,TXN0042,C135,2026-08-08,75000.0,0.0,0.0,75000.0,2026-08-09,SETTLED,RZP-TXN0042
PAY0043,SET0043,TXN0043,C145,2026-08-21,1000.0,0.0,0.0,1000.0,2026-08-22,SETTLED,RZP-TXN0043
PAY0044,SET0044,TXN0044,C121,2026-08-03,50000.0,0.0,0.0,50000.0,2026-08-04,SETTLED,RZP-TXN0044
PAY0045,SET0045,TXN0045,C131,2026-08-07,50000.0,0.0,0.0,50000.0,2026-08-08,SETTLED,RZP-TXN0045
PAY0046,SET0046,TXN0046,C136,2026-08-16,5000.0,0.0,0.0,5000.0,2026-08-17,SETTLED,RZP-TXN004X
PAY0047,SET0047,TXN0047,C112,2026-08-04,1500.0,0.0,0.0,1500.0,2026-08-07,SETTLED,RZP-TXN0047
PAY0048,SET0048_1,TXN0048,C127,2026-08-14,15000.0,0.0,0.0,15000.0,2026-08-15,SETTLED,RZP-TXN0048-1
PAY0048,SET0048_2,TXN0048,C127,2026-08-14,10000.0,0.0,0.0,10000.0,2026-08-15,SETTLED,RZP-TXN0048-2
PAY0049,SET0049,TXN0049,C141,2026-08-21,1500.0,0.0,0.0,1500.0,2026-08-22,SETTLED,RZP-TXN0049
PAY0050,SET0050,TXN0050,C121,2026-08-04,5000.0,0.0,0.0,5000.0,2026-08-05,SETTLED,RZP-TXN0050
PAY0051,SET0051,TXN0051,C128,2026-08-05,15000.0,0.0,0.0,15000.0,2026-08-06,SETTLED,RZP-TXN0051
PAY0052,SET0052,TXN0052,C115,2026-08-03,25000.0,0.0,0.0,15000.0,2026-08-04,SETTLED,RZP-TXN0052
PAY0053,SET0053,TXN0053,C106,2026-08-02,50000.0,0.0,0.0,30000.0,2026-08-03,SETTLED,RZP-TXN0053
PAY0054,SET0054,TXN0054,C148,2026-08-08,2500.0,0.0,0.0,2500.0,2026-08-09,SETTLED,RZP-TXN0054
PAY0055,SET0055,TXN0055,C113,2026-08-13,1000.0,0.0,0.0,1000.0,2026-08-14,SETTLED,RZP-TXN0055
PAY0056,SET0056,TXN0056,C124,2026-08-09,25000.0,0.0,0.0,25000.0,2026-08-10,SETTLED,RZP-TXN0056
PAY0057,SET0057,TXN0057,C146,2026-08-18,25000.0,0.0,0.0,25000.0,2026-08-19,SETTLED,RZP-TXN0057
PAY0058,SET0058,TXN0058,C113,2026-08-02,75000.0,0.0,0.0,75000.0,2026-08-03,SETTLED,RZP-TXN005X
PAY0059,SET0059,TXN0059,C147,2026-08-11,1000.0,0.0,0.0,1000.0,2026-08-12,SETTLED,RZP-TXN0059
PAY0060,SET0060,TXN0060,C132,2026-08-17,2500.0,0.0,0.0,2500.0,2026-08-18,SETTLED,RZP-TXN0060
PAY0061,SET0061,TXN0061,C105,2026-08-06,1500.0,0.0,150.0,1350.0,2026-08-07,SETTLED,RZP-TXN0061
PAY0062,SET0062,TXN0062,C115,2026-08-13,1500.0,0.0,0.0,0.0,2026-08-14,SETTLED,RZP-TXN0062
PAY0063,SET0063,TXN0063,C137,2026-08-20,1000.0,0.0,100.0,900.0,2026-08-21,SETTLED,RZP-TXN0063
PAY0064,SET0064,TXN0064,C142,2026-08-19,75000.0,1500.0,0.0,73500.0,2026-08-20,SETTLED,RZP-TXN0064
PAY0065,SET0065,TXN0065,C113,2026-08-11,5000.0,0.0,0.0,5000.0,2026-08-12,SETTLED,RZP-TXN0065
PAY0066,SET0066,TXN0066,C142,2026-08-21,7500.0,150.0,0.0,7350.0,2026-08-22,SETTLED,RZP-TXN0066
PAY0067,SET0067,TXN0067,C104,2026-08-01,25000.0,0.0,2500.0,22500.0,2026-08-02,SETTLED,RZP-TXN0067
PAY0068,SET0068,TXN0068,C106,2026-08-03,50000.0,0.0,0.0,50000.0,2026-08-04,SETTLED,RZP-TXN0068
PAY0069,SET0069_1,TXN0069,C108,2026-08-12,900.0,0.0,0.0,900.0,2026-08-13,SETTLED,RZP-TXN0069-1
PAY0069,SET0069_2,TXN0069,C108,2026-08-12,600.0,0.0,0.0,600.0,2026-08-13,SETTLED,RZP-TXN0069-2
PAY0070,SET0070,TXN0070,C110,2026-08-15,50000.0,0.0,0.0,50000.0,2026-08-18,SETTLED,RZP-TXN0070
PAY0071,SET0071,TXN0071,C141,2026-08-17,1000.0,0.0,0.0,1000.0,2026-08-20,SETTLED,RZP-TXN0071
PAY0072,SET0072,TXN0072,C119,2026-08-04,2500.0,0.0,0.0,2500.0,2026-08-05,SETTLED,RZP-TXN0072
PAY0073,SET0073,TXN0073,C147,2026-08-18,2500.0,0.0,0.0,2500.0,2026-08-19,SETTLED,RZP-TXN0073
PAY0074,SET0074,TXN0074,C113,2026-08-11,5000.0,0.0,0.0,5000.0,2026-08-14,SETTLED,RZP-TXN0074
PAY0075,SET0075_1,TXN0075,C132,2026-08-16,4500.0,0.0,0.0,4500.0,2026-08-17,SETTLED,RZP-TXN0075-1
PAY0075,SET0075_2,TXN0075,C132,2026-08-16,3000.0,0.0,0.0,3000.0,2026-08-17,SETTLED,RZP-TXN0075-2
PAY0076,SET0076,TXN0076,C140,2026-08-14,7500.0,0.0,0.0,7500.0,2026-08-15,SETTLED,RZP-TXN0076
PAY0077,SET0077,TXN0077,C149,2026-08-05,7500.0,0.0,0.0,7500.0,2026-08-06,SETTLED,RZP-TXN0077
PAY0078,SET0078,TXN0078,C135,2026-08-14,50000.0,0.0,0.0,50000.0,2026-08-15,SETTLED,RZP-TXN0078
PAY0079,SET0079,TXN0079,C144,2026-08-05,50000.0,0.0,0.0,50000.0,2026-08-06,SETTLED,RZP-TXN0079
PAY0080,SET0080,TXN0080,C137,2026-08-18,2500.0,0.0,0.0,2500.0,2026-08-19,SETTLED,RZP-TXN0080
PAY0081,SET0081_1,TXN0081,C119,2026-08-12,600.0,0.0,0.0,600.0,2026-08-13,SETTLED,RZP-TXN0081-1
PAY0081,SET0081_2,TXN0081,C119,2026-08-12,400.0,0.0,0.0,400.0,2026-08-13,SETTLED,RZP-TXN0081-2
PAY0082,SET0082,TXN0082,C115,2026-08-04,10000.0,0.0,0.0,10000.0,2026-08-05,SETTLED,RZP-TXN008X
PAY0083,SET0083_1,TXN0083,C139,2026-08-05,3000.0,0.0,0.0,3000.0,2026-08-06,SETTLED,RZP-TXN0083-1
PAY0083,SET0083_2,TXN0083,C139,2026-08-05,2000.0,0.0,0.0,2000.0,2026-08-06,SETTLED,RZP-TXN0083-2
PAY0084,SET0084,TXN0084,C101,2026-08-06,10000.0,0.0,0.0,10000.0,2026-08-07,SETTLED,RZP-TXN008X
PAY0085,SET0085,TXN0085,C142,2026-08-08,7500.0,0.0,0.0,7500.0,2026-08-09,SETTLED,RZP-TXN0085
PAY0086,SET0086,TXN0086,C106,2026-08-13,1000.0,0.0,0.0,600.0,2026-08-14,SETTLED,RZP-TXN0086
PAY0087,SET0087,TXN0087,C112,2026-08-15,10000.0,0.0,0.0,10000.0,2026-08-16,SETTLED,RZP-TXN0087
PAY0088,SET0088,TXN0088,C114,2026-08-01,5000.0,0.0,0.0,5000.0,2026-08-02,SETTLED,RZP-TXN0088
PAY0089,SET0089,TXN0089,C104,2026-08-09,10000.0,0.0,0.0,10000.0,2026-08-12,SETTLED,RZP-TXN0089
PAY0090,SET0090,TXN0090,C143,2026-08-18,10000.0,0.0,0.0,9500.0,2026-08-19,SETTLED,RZP-TXN0090
PAY0091,SET0091,TXN0091,C111,2026-08-19,7500.0,0.0,0.0,7500.0,2026-08-20,SETTLED,RZP-TXN0091
PAY0092,SET0092,TXN0092,C127,2026-08-12,10000.0,0.0,0.0,10000.0,2026-08-13,SETTLED,RZP-TXN0092
PAY0093,SET0093,TXN0093,C107,2026-08-13,75000.0,0.0,0.0,75000.0,2026-08-14,SETTLED,RZP-TXN0093
PAY0094,SET0094,TXN0094,C145,2026-08-14,1000.0,20.0,0.0,980.0,2026-08-15,SETTLED,RZP-TXN0094
PAY0095,SET0095,TXN0095,C143,2026-08-07,10000.0,0.0,0.0,10000.0,2026-08-08,SETTLED,RZP-TXN0095
PAY0096,SET0096,TXN0096,C121,2026-08-20,10000.0,0.0,0.0,10000.0,2026-08-23,SETTLED,RZP-TXN0096
PAY0097,SET0097,TXN0097,C146,2026-08-10,50000.0,0.0,0.0,50000.0,2026-08-11,SETTLED,RZP-TXN0097
PAY0098,SET0098,TXN0098,C120,2026-08-13,7500.0,0.0,750.0,6750.0,2026-08-14,SETTLED,RZP-TXN0098
PAY0099,SET0099,TXN0099,C126,2026-08-13,2500.0,0.0,250.0,2250.0,2026-08-14,SETTLED,RZP-TXN0099
PAY0100,SET0100,TXN0100,C125,2026-08-18,1000.0,0.0,0.0,1000.0,2026-08-19,SETTLED,RZP-TXN0100
PAY0101,SET0101,TXN0101,C127,2026-08-19,75000.0,0.0,0.0,75000.0,2026-08-22,SETTLED,RZP-TXN0101
PAY0102,SET0102,TXN0102,C128,2026-08-15,5000.0,100.0,0.0,4900.0,2026-08-16,SETTLED,RZP-TXN0102
PAY0103,SET0103,TXN0103,C110,2026-08-03,7500.0,150.0,0.0,7350.0,2026-08-04,SETTLED,RZP-TXN0103
PAY0104,SET0104,TXN0104,C139,2026-08-11,1500.0,0.0,0.0,900.0,2026-08-12,SETTLED,RZP-TXN0104
PAY0105,SET0105,TXN0105,C115,2026-08-10,5000.0,0.0,0.0,3000.0,2026-08-11,SETTLED,RZP-TXN0105
PAY0106,SET0106,TXN0106,C101,2026-08-02,5000.0,0.0,0.0,5000.0,2026-08-03,SETTLED,RZP-TXN0106
PAY0107,SET0107,TXN0107,C139,2026-08-03,25000.0,0.0,0.0,25000.0,2026-08-04,SETTLED,RZP-TXN0107
PAY0108,SET0108,TXN0108,C136,2026-08-07,15000.0,300.0,0.0,14700.0,2026-08-08,SETTLED,RZP-TXN0108
PAY0109,SET0109_1,TXN0109,C109,2026-08-21,600.0,0.0,0.0,600.0,2026-08-22,SETTLED,RZP-TXN0109-1
PAY0109,SET0109_2,TXN0109,C109,2026-08-21,400.0,0.0,0.0,400.0,2026-08-22,SETTLED,RZP-TXN0109-2
PAY0110,SET0110,TXN0110,C114,2026-08-06,50000.0,1000.0,0.0,49000.0,2026-08-07,SETTLED,RZP-TXN0110
PAY0111,SET0111,TXN0111,C115,2026-08-04,25000.0,0.0,0.0,25000.0,2026-08-05,SETTLED,RZP-TXN0111
PAY0112,SET0112,TXN0112,C142,2026-08-17,50000.0,0.0,5000.0,45000.0,2026-08-18,SETTLED,RZP-TXN0112
PAY0113,SET0113,TXN0113,C128,2026-08-20,50000.0,0.0,0.0,50000.0,2026-08-21,SETTLED,RZP-TXN0113
PAY0114,SET0114,TXN0114,C128,2026-08-06,25000.0,500.0,0.0,24500.0,2026-08-07,SETTLED,RZP-TXN0114
PAY0115,SET0115,TXN0115,C115,2026-08-21,7500.0,0.0,0.0,7500.0,2026-08-22,SETTLED,RZP-TXN011X
PAY0116,SET0116,TXN0116,C131,2026-08-21,5000.0,0.0,0.0,5000.0,2026-08-22,SETTLED,RZP-TXN0116
PAY0117,SET0117,TXN0117,C145,2026-08-10,5000.0,0.0,0.0,5000.0,2026-08-11,SETTLED,RZP-TXN0117
PAY0118,SET0118,TXN0118,C134,2026-08-03,2500.0,0.0,0.0,2500.0,2026-08-04,SETTLED,RZP-TXN0118
PAY0119,SET0119,TXN0119,C144,2026-08-05,5000.0,0.0,0.0,5000.0,2026-08-06,SETTLED,RZP-TXN0119
PAY0120,SET0120,TXN0120,C121,2026-08-18,25000.0,0.0,0.0,25000.0,2026-08-19,SETTLED,RZP-TXN0120
PAY0121,SET0121,TXN0121,C126,2026-08-13,75000.0,0.0,0.0,74500.0,2026-08-14,SETTLED,RZP-TXN0121
PAY0122,SET0122,TXN0122,C124,2026-08-16,1000.0,0.0,0.0,0.0,2026-08-17,SETTLED,RZP-TXN0122
PAY0123,SET0123,TXN0123,C124,2026-08-14,50000.0,0.0,0.0,50000.0,2026-08-15,SETTLED,RZP-TXN012X
PAY0124,SET0124,TXN0124,C138,2026-08-08,25000.0,0.0,0.0,25000.0,2026-08-09,SETTLED,RZP-TXN0124
PAY0125,SET0125,TXN0125,C131,2026-08-01,15000.0,0.0,0.0,15000.0,2026-08-02,SETTLED,RZP-TXN0125
PAY0126,SET0126,TXN0126,C125,2026-08-06,25000.0,0.0,0.0,23000.0,2026-08-07,SETTLED,RZP-TXN0126
PAY0127,SET0127,TXN0127,C101,2026-08-13,75000.0,0.0,7500.0,67500.0,2026-08-14,SETTLED,RZP-TXN0127
PAY0128,SET0128,TXN0128,C105,2026-08-21,15000.0,0.0,0.0,15000.0,2026-08-22,SETTLED,RZP-TXN0128
PAY0129,SET0129,TXN0129,C111,2026-08-02,7500.0,0.0,0.0,7500.0,2026-08-03,SETTLED,RZP-TXN0129
PAY0130,SET0130,TXN0130,C129,2026-08-11,10000.0,0.0,0.0,10000.0,2026-08-12,SETTLED,RZP-TXN013X
PAY0131,SET0131,TXN0131,C117,2026-08-14,7500.0,0.0,0.0,4500.0,2026-08-15,SETTLED,RZP-TXN0131
PAY0132,SET0132,TXN0132,C101,2026-08-18,1000.0,0.0,0.0,1000.0,2026-08-19,SETTLED,RZP-TXN0132
PAY0133,SET0133,TXN0133,C122,2026-08-08,1500.0,0.0,0.0,1500.0,2026-08-09,SETTLED,RZP-TXN013X
PAY0134,SET0134,TXN0134,C102,2026-08-01,5000.0,0.0,0.0,5000.0,2026-08-02,SETTLED,RZP-TXN0134
PAY0135,SET0135,TXN0135,C139,2026-08-05,5000.0,0.0,0.0,5000.0,2026-08-06,SETTLED,RZP-TXN0135
PAY0136,SET0136,TXN0136,C107,2026-08-19,5000.0,100.0,0.0,4900.0,2026-08-20,SETTLED,RZP-TXN0136
PAY0137,SET0137,TXN0137,C149,2026-08-12,2500.0,0.0,250.0,2250.0,2026-08-13,SETTLED,RZP-TXN0137
PAY0138,SET0138,TXN0138,C145,2026-08-04,2500.0,0.0,0.0,2500.0,2026-08-05,SETTLED,RZP-TXN0138
PAY0139,SET0139,TXN0139,C106,2026-08-19,1000.0,0.0,0.0,0.0,2026-08-20,SETTLED,RZP-TXN0139
PAY0140,SET0140,TXN0140,C124,2026-08-13,5000.0,0.0,0.0,5000.0,2026-08-14,SETTLED,RZP-TXN0140
PAY0141,SET0141,TXN0141,C140,2026-08-08,1500.0,0.0,0.0,1500.0,2026-08-11,SETTLED,RZP-TXN0141
PAY0142,SET0142,TXN0142,C143,2026-08-20,1500.0,0.0,0.0,900.0,2026-08-21,SETTLED,RZP-TXN0142
PAY0143,SET0143,TXN0143,C102,2026-08-12,50000.0,0.0,0.0,50000.0,2026-08-13,SETTLED,RZP-TXN0143
PAY0144,SET0144,TXN0144,C104,2026-08-17,10000.0,0.0,0.0,10000.0,2026-08-18,SETTLED,RZP-TXN0144
PAY0145,SET0145,TXN0145,C131,2026-08-04,15000.0,0.0,0.0,15000.0,2026-08-05,SETTLED,RZP-TXN0145
PAY0146,SET0146,TXN0146,C140,2026-08-15,2500.0,0.0,0.0,2500.0,2026-08-16,SETTLED,RZP-TXN0146
PAY0147,SET0147,TXN0147,C133,2026-08-21,7500.0,0.0,750.0,6750.0,2026-08-22,SETTLED,RZP-TXN0147
PAY0148,SET0148,TXN0148,C149,2026-08-16,25000.0,0.0,0.0,25000.0,2026-08-17,SETTLED,RZP-TXN0148
PAY0149,SET0149,TXN0149,C137,2026-08-09,10000.0,0.0,0.0,6000.0,2026-08-10,SETTLED,RZP-TXN0149
PAY0150,SET0150,TXN0150,C117,2026-08-15,5000.0,0.0,0.0,5000.0,2026-08-16,SETTLED,RZP-TXN015X
PAY0151,SET0151,TXN0151,C139,2026-08-13,10000.0,0.0,0.0,10000.0,2026-08-14,SETTLED,RZP-TXN0151
PAY0152,SET0152,TXN0152,C111,2026-08-16,5000.0,0.0,0.0,5000.0,2026-08-17,SETTLED,RZP-TXN0152
PAY0153,SET0153,TXN0153,C121,2026-08-09,75000.0,0.0,0.0,75000.0,2026-08-12,SETTLED,RZP-TXN0153
PAY0154,SET0154,TXN0154,C135,2026-08-01,50000.0,0.0,0.0,49500.0,2026-08-02,SETTLED,RZP-TXN0154
PAY0155,SET0155,TXN0155,C146,2026-08-14,25000.0,0.0,2500.0,22500.0,2026-08-15,SETTLED,RZP-TXN0155
PAY0156,SET0156,TXN0156,C144,2026-08-16,25000.0,0.0,0.0,25000.0,2026-08-17,SETTLED,RZP-TXN0156
PAY0157,SET0157,TXN0157,C105,2026-08-10,5000.0,0.0,0.0,5000.0,2026-08-11,SETTLED,RZP-TXN0157
PAY0158,SET0158,TXN0158,C119,2026-08-19,10000.0,200.0,0.0,9800.0,2026-08-20,SETTLED,RZP-TXN0158
PAY0159,SET0159,TXN0159,C122,2026-08-14,50000.0,0.0,0.0,50000.0,2026-08-15,SETTLED,RZP-TXN0159
PAY0160,SET0160,TXN0160,C129,2026-08-09,7500.0,0.0,0.0,7500.0,2026-08-10,SETTLED,RZP-TXN0160
PAY0161,SET0161,TXN0161,C146,2026-08-07,10000.0,0.0,0.0,10000.0,2026-08-08,SETTLED,RZP-TXN0161
PAY0162,SET0162,TXN0162,C148,2026-08-06,5000.0,0.0,0.0,5000.0,2026-08-07,SETTLED,RZP-TXN0162
PAY0163,SET0163,TXN0163,C117,2026-08-19,50000.0,0.0,5000.0,45000.0,2026-08-20,SETTLED,RZP-TXN0163
PAY0164,SET0164,TXN0164,C112,2026-08-10,5000.0,0.0,0.0,5000.0,2026-08-11,SETTLED,RZP-TXN0164
PAY0165,SET0165,TXN0165,C100,2026-08-18,2500.0,0.0,0.0,2500.0,2026-08-19,SETTLED,RZP-TXN0165
PAY0166,SET0166,TXN0166,C135,2026-08-10,2500.0,0.0,0.0,2500.0,2026-08-13,SETTLED,RZP-TXN0166
PAY0167,SET0167,TXN0167,C131,2026-08-04,1000.0,0.0,100.0,900.0,2026-08-05,SETTLED,RZP-TXN0167
PAY0168,SET0168,TXN0168,C130,2026-08-15,10000.0,0.0,0.0,10000.0,2026-08-16,SETTLED,RZP-TXN0168
PAY0169,SET0169,TXN0169,C116,2026-08-16,1500.0,0.0,0.0,900.0,2026-08-17,SETTLED,RZP-TXN0169
PAY0170,SET0170,TXN0170,C131,2026-08-03,75000.0,0.0,7500.0,67500.0,2026-08-04,SETTLED,RZP-TXN0170
PAY0171,SET0171,TXN0171,C109,2026-08-05,75000.0,0.0,0.0,74500.0,2026-08-06,SETTLED,RZP-TXN0171
PAY0172,SET0172,TXN0172,C107,2026-08-18,15000.0,0.0,1500.0,13500.0,2026-08-19,SETTLED,RZP-TXN0172
PAY0173,SET0173,TXN0173,C114,2026-08-17,15000.0,300.0,0.0,14700.0,2026-08-18,SETTLED,RZP-TXN0173
PAY0174,SET0174,TXN0174,C119,2026-08-19,15000.0,0.0,0.0,15000.0,2026-08-20,SETTLED,RZP-TXN0174
PAY0175,SET0175,TXN0175,C103,2026-08-20,1500.0,0.0,0.0,1000.0,2026-08-21,SETTLED,RZP-TXN0175
PAY0176,SET0176,TXN0176,C113,2026-08-09,1500.0,0.0,0.0,1500.0,2026-08-10,SETTLED,RZP-TXN0176
PAY0177,SET0177,TXN0177,C135,2026-08-03,2500.0,0.0,0.0,2500.0,2026-08-04,SETTLED,RZP-TXN0177
PAY0178,SET0178,TXN0178,C144,2026-08-20,25000.0,0.0,0.0,25000.0,2026-08-21,SETTLED,RZP-TXN0178
PAY0179,SET0179,TXN0179,C118,2026-08-10,25000.0,0.0,0.0,25000.0,2026-08-11,SETTLED,RZP-TXN0179
PAY0180,SET0180,TXN0180,C116,2026-08-21,75000.0,0.0,0.0,75000.0,2026-08-24,SETTLED,RZP-TXN0180
PAY0181,SET0181,TXN0181,C127,2026-08-04,50000.0,0.0,0.0,50000.0,2026-08-05,SETTLED,RZP-TXN0181
PAY0182,SET0182,TXN0182,C117,2026-08-05,1500.0,0.0,0.0,1500.0,2026-08-06,SETTLED,RZP-TXN0182
PAY0183,SET0183,TXN0183,C138,2026-08-19,7500.0,0.0,0.0,7500.0,2026-08-20,SETTLED,RZP-TXN0183
PAY0184,SET0184,TXN0184,C144,2026-08-10,15000.0,0.0,0.0,13000.0,2026-08-11,SETTLED,RZP-TXN0184
PAY0185,SET0185,TXN0185,C131,2026-08-15,1500.0,0.0,150.0,1350.0,2026-08-16,SETTLED,RZP-TXN0185
PAY0186,SET0186,TXN0186,C147,2026-08-11,75000.0,0.0,0.0,75000.0,2026-08-12,SETTLED,RZP-TXN0186
PAY0187,SET0187,TXN0187,C114,2026-08-19,75000.0,0.0,0.0,73000.0,2026-08-20,SETTLED,RZP-TXN0187
PAY0188,SET0188,TXN0188,C136,2026-08-02,2500.0,50.0,0.0,2450.0,2026-08-03,SETTLED,RZP-TXN0188
PAY0189,SET0189,TXN0189,C128,2026-08-09,2500.0,0.0,0.0,2500.0,2026-08-10,SETTLED,RZP-TXN0189
PAY0190,SET0190,TXN0190,C127,2026-08-21,25000.0,0.0,0.0,25000.0,2026-08-22,SETTLED,RZP-TXN0190
PAY0191,SET0191,TXN0191,C130,2026-08-12,15000.0,0.0,0.0,15000.0,2026-08-13,SETTLED,RZP-TXN0191
PAY0192,SET0192,TXN0192,C106,2026-08-06,10000.0,0.0,0.0,10000.0,2026-08-07,SETTLED,RZP-TXN0192
PAY0193,SET0193,TXN0193,C118,2026-08-13,50000.0,0.0,0.0,50000.0,2026-08-14,SETTLED,RZP-TXN0193
PAY0194,SET0194,TXN0194,C120,2026-08-09,10000.0,0.0,0.0,10000.0,2026-08-10,SETTLED,RZP-TXN0194
PAY0195,SET0195,TXN0195,C132,2026-08-01,50000.0,1000.0,0.0,49000.0,2026-08-02,SETTLED,RZP-TXN0195
PAY0196,SET0196,TXN0196,C112,2026-08-17,10000.0,0.0,1000.0,9000.0,2026-08-18,SETTLED,RZP-TXN0196
PAY0197,SET0197,TXN0197,C140,2026-08-15,1000.0,0.0,0.0,1000.0,2026-08-16,SETTLED,RZP-TXN0197
PAY0198,SET0198_1,TXN0198,C108,2026-08-10,15000.0,0.0,0.0,15000.0,2026-08-11,SETTLED,RZP-TXN0198-1
PAY0198,SET0198_2,TXN0198,C108,2026-08-10,10000.0,0.0,0.0,10000.0,2026-08-11,SETTLED,RZP-TXN0198-2
PAY0199,SET0199,TXN0199,C101,2026-08-21,75000.0,0.0,0.0,45000.0,2026-08-22,SETTLED,RZP-TXN0199
PAY0200,SET0200,TXN0200,C110,2026-08-10,50000.0,0.0,0.0,50000.0,2026-08-11,SETTLED,RZP-TXN0200
PAY0201,SET0201,TXN0201,C105,2026-08-08,1500.0,30.0,0.0,1470.0,2026-08-09,SETTLED,RZP-TXN0201
PAY0202,SET0202,TXN0202,C141,2026-08-05,25000.0,0.0,0.0,24000.0,2026-08-06,SETTLED,RZP-TXN0202
PAY0203,SET0203,TXN0203,C145,2026-08-09,15000.0,0.0,0.0,9000.0,2026-08-10,SETTLED,RZP-TXN0203
PAY0204,SET0204,TXN0204,C115,2026-08-15,50000.0,0.0,0.0,50000.0,2026-08-16,SETTLED,RZP-TXN0204
PAY0205,SET0205_1,TXN0205,C138,2026-08-17,1500.0,0.0,0.0,1500.0,2026-08-18,SETTLED,RZP-TXN0205-1
PAY0205,SET0205_2,TXN0205,C138,2026-08-17,1000.0,0.0,0.0,1000.0,2026-08-18,SETTLED,RZP-TXN0205-2
PAY0206,SET0206,TXN0206,C121,2026-08-17,7500.0,0.0,0.0,4500.0,2026-08-18,SETTLED,RZP-TXN0206
PAY0207,SET0207,TXN0207,C146,2026-08-10,75000.0,0.0,7500.0,67500.0,2026-08-11,SETTLED,RZP-TXN0207
PAY0208,SET0208,TXN0208,C131,2026-08-05,25000.0,500.0,0.0,24500.0,2026-08-06,SETTLED,RZP-TXN0208
PAY0209,SET0209,TXN0209,C121,2026-08-18,50000.0,0.0,0.0,50000.0,2026-08-19,SETTLED,RZP-TXN0209
PAY0210,SET0210,TXN0210,C112,2026-08-08,75000.0,0.0,0.0,75000.0,2026-08-09,SETTLED,RZP-TXN0210
PAY0211,SET0211,TXN0211,C102,2026-08-11,25000.0,0.0,0.0,25000.0,2026-08-14,SETTLED,RZP-TXN0211
PAY0212,SET0212,TXN0212,C124,2026-08-21,2500.0,50.0,0.0,2450.0,2026-08-22,SETTLED,RZP-TXN0212
PAY0213,SET0213,TXN0213,C108,2026-08-17,75000.0,0.0,0.0,75000.0,2026-08-18,SETTLED,RZP-TXN0213
PAY0214,SET0214,TXN0214,C128,2026-08-04,50000.0,0.0,0.0,49500.0,2026-08-05,SETTLED,RZP-TXN0214
PAY0215,SET0215,TXN0215,C109,2026-08-14,2500.0,0.0,0.0,2500.0,2026-08-15,SETTLED,RZP-TXN0215
PAY0216,SET0216,TXN0216,C121,2026-08-20,15000.0,0.0,0.0,15000.0,2026-08-23,SETTLED,RZP-TXN0216
PAY0217,SET0217,TXN0217,C143,2026-08-18,15000.0,0.0,0.0,13000.0,2026-08-19,SETTLED,RZP-TXN0217
PAY0218,SET0218,TXN0218,C148,2026-08-16,50000.0,0.0,0.0,50000.0,2026-08-17,SETTLED,RZP-TXN0218
PAY0219,SET0219,TXN0219,C115,2026-08-21,7500.0,0.0,0.0,7500.0,2026-08-22,SETTLED,RZP-TXN0219
PAY0220,SET0220,TXN0220,C147,2026-08-03,15000.0,0.0,0.0,15000.0,2026-08-04,SETTLED,RZP-TXN0220
PAY0221,SET0221,TXN0221,C148,2026-08-21,1500.0,0.0,0.0,1500.0,2026-08-22,SETTLED,RZP-TXN0221
PAY0222,SET0222,TXN0222,C119,2026-08-01,1000.0,0.0,0.0,1000.0,2026-08-02,SETTLED,RZP-TXN0222
PAY0223,SET0223,TXN0223,C118,2026-08-12,10000.0,0.0,0.0,10000.0,2026-08-13,SETTLED,RZP-TXN0223
PAY0224,SET0224,TXN0224,C133,2026-08-14,75000.0,0.0,0.0,75000.0,2026-08-17,SETTLED,RZP-TXN0224
PAY0225,SET0225,TXN0225,C110,2026-08-06,1500.0,0.0,150.0,1350.0,2026-08-07,SETTLED,RZP-TXN0225
PAY0226,SET0226,TXN0226,C139,2026-08-08,25000.0,0.0,0.0,24500.0,2026-08-09,SETTLED,RZP-TXN0226
PAY0227,SET0227,TXN0227,C129,2026-08-21,7500.0,150.0,0.0,7350.0,2026-08-22,SETTLED,RZP-TXN0227
PAY0228,SET0228,TXN0228,C100,2026-08-15,7500.0,0.0,0.0,7500.0,2026-08-18,SETTLED,RZP-TXN0228
PAY0229,SET0229,TXN0229,C104,2026-08-15,10000.0,0.0,0.0,10000.0,2026-08-16,SETTLED,RZP-TXN0229
PAY0230,SET0230,TXN0230,C119,2026-08-21,15000.0,0.0,0.0,15000.0,2026-08-24,SETTLED,RZP-TXN0230
PAY0231,SET0231,TXN0231,C119,2026-08-07,15000.0,0.0,0.0,9000.0,2026-08-08,SETTLED,RZP-TXN0231
PAY0232,SET0232,TXN0232,C115,2026-08-13,75000.0,0.0,0.0,75000.0,2026-08-14,SETTLED,RZP-TXN0232
PAY0233,SET0233,TXN0233,C144,2026-08-10,1000.0,0.0,0.0,1000.0,2026-08-11,SETTLED,RZP-TXN0233
PAY0234,SET0234,TXN0234,C142,2026-08-13,7500.0,0.0,0.0,7500.0,2026-08-14,SETTLED,RZP-TXN0234
PAY0235,SET0235,TXN0235,C149,2026-08-02,75000.0,0.0,0.0,75000.0,2026-08-03,SETTLED,RZP-TXN023X
PAY0236,SET0236,TXN0236,C149,2026-08-08,75000.0,0.0,0.0,45000.0,2026-08-09,SETTLED,RZP-TXN0236
PAY0237,SET0237,TXN0237,C140,2026-08-07,75000.0,0.0,0.0,75000.0,2026-08-08,SETTLED,RZP-TXN0237
PAY0238,SET0238_1,TXN0238,C146,2026-08-05,900.0,0.0,0.0,900.0,2026-08-06,SETTLED,RZP-TXN0238-1
PAY0238,SET0238_2,TXN0238,C146,2026-08-05,600.0,0.0,0.0,600.0,2026-08-06,SETTLED,RZP-TXN0238-2
PAY0239,SET0239,TXN0239,C119,2026-08-15,1000.0,0.0,100.0,900.0,2026-08-16,SETTLED,RZP-TXN0239
PAY0240,SET0240,TXN0240,C108,2026-08-03,7500.0,0.0,0.0,7500.0,2026-08-04,SETTLED,RZP-TXN0240
PAY0241,SET0241,TXN0241,C111,2026-08-07,2500.0,0.0,0.0,2500.0,2026-08-08,SETTLED,RZP-TXN024X
PAY0242,SET0242,TXN0242,C133,2026-08-17,7500.0,0.0,0.0,4500.0,2026-08-18,SETTLED,RZP-TXN0242
PAY0243,SET0243,TXN0243,C130,2026-08-10,10000.0,0.0,0.0,6000.0,2026-08-11,SETTLED,RZP-TXN0243
PAY0244,SET0244_1,TXN0244,C104,2026-08-05,3000.0,0.0,0.0,3000.0,2026-08-06,SETTLED,RZP-TXN0244-1
PAY0244,SET0244_2,TXN0244,C104,2026-08-05,2000.0,0.0,0.0,2000.0,2026-08-06,SETTLED,RZP-TXN0244-2
PAY0245,SET0245,TXN0245,C125,2026-08-18,10000.0,0.0,0.0,10000.0,2026-08-19,SETTLED,RZP-TXN0245
PAY0246,SET0246,TXN0246,C100,2026-08-09,50000.0,0.0,0.0,50000.0,2026-08-10,SETTLED,RZP-TXN0246
PAY0247,SET0247,TXN0247,C143,2026-08-09,75000.0,0.0,0.0,75000.0,2026-08-10,SETTLED,RZP-TXN0247
PAY0248,SET0248,TXN0248,C123,2026-08-04,5000.0,100.0,0.0,4900.0,2026-08-05,SETTLED,RZP-TXN0248
PAY0249,SET0249,TXN0249,C135,2026-08-11,75000.0,0.0,0.0,75000.0,2026-08-12,SETTLED,RZP-TXN0249
PAY0250,SET0250,TXN0250,C140,2026-08-15,7500.0,0.0,0.0,7500.0,2026-08-18,SETTLED,RZP-TXN0250
PAY0251,SET0251,TXN0251,C108,2026-08-02,1000.0,0.0,0.0,1000.0,2026-08-03,SETTLED,RZP-TXN0251
PAY0252,SET0252_1,TXN0252,C107,2026-08-04,3000.0,0.0,0.0,3000.0,2026-08-05,SETTLED,RZP-TXN0252-1
PAY0252,SET0252_2,TXN0252,C107,2026-08-04,2000.0,0.0,0.0,2000.0,2026-08-05,SETTLED,RZP-TXN0252-2
PAY0253,SET0253,TXN0253,C129,2026-08-12,50000.0,0.0,0.0,50000.0,2026-08-13,SETTLED,RZP-TXN0253
PAY0254,SET0254,TXN0254,C146,2026-08-05,15000.0,0.0,0.0,15000.0,2026-08-08,SETTLED,RZP-TXN0254
PAY0255,SET0255,TXN0255,C139,2026-08-14,7500.0,0.0,0.0,7500.0,2026-08-15,SETTLED,RZP-TXN0255
PAY0256,SET0256,TXN0256,C113,2026-08-15,25000.0,0.0,0.0,24000.0,2026-08-16,SETTLED,RZP-TXN0256
PAY0257,SET0257_1,TXN0257,C143,2026-08-12,30000.0,0.0,0.0,30000.0,2026-08-13,SETTLED,RZP-TXN0257-1
PAY0257,SET0257_2,TXN0257,C143,2026-08-12,20000.0,0.0,0.0,20000.0,2026-08-13,SETTLED,RZP-TXN0257-2
PAY0258,SET0258,TXN0258,C103,2026-08-13,7500.0,0.0,0.0,7500.0,2026-08-14,SETTLED,RZP-TXN0258
PAY0259,SET0259,TXN0259,C129,2026-08-03,5000.0,0.0,0.0,5000.0,2026-08-06,SETTLED,RZP-TXN0259
PAY0260,SET0260,TXN0260,C101,2026-08-02,10000.0,0.0,0.0,10000.0,2026-08-03,SETTLED,RZP-TXN0260
PAY0261,SET0261,TXN0261,C136,2026-08-07,1500.0,0.0,0.0,900.0,2026-08-08,SETTLED,RZP-TXN0261
PAY0262,SET0262,TXN0262,C113,2026-08-19,5000.0,0.0,0.0,3000.0,2026-08-20,SETTLED,RZP-TXN0262
PAY0263,SET0263,TXN0263,C121,2026-08-05,75000.0,0.0,0.0,75000.0,2026-08-06,SETTLED,RZP-TXN0263
PAY0264,SET0264,TXN0264,C108,2026-08-18,7500.0,0.0,0.0,4500.0,2026-08-19,SETTLED,RZP-TXN0264
PAY0265,SET0265,TXN0265,C142,2026-08-01,2500.0,0.0,0.0,2500.0,2026-08-02,SETTLED,RZP-TXN0265
PAY0266,SET0266,TXN0266,C137,2026-08-11,1000.0,0.0,0.0,1000.0,2026-08-12,SETTLED,RZP-TXN0266
PAY0267,SET0267,TXN0267,C108,2026-08-14,50000.0,0.0,0.0,50000.0,2026-08-15,SETTLED,RZP-TXN0267
PAY0268,SET0268,TXN0268,C130,2026-08-15,10000.0,200.0,0.0,9800.0,2026-08-16,SETTLED,RZP-TXN0268
PAY0269,SET0269,TXN0269,C128,2026-08-17,5000.0,0.0,0.0,4500.0,2026-08-18,SETTLED,RZP-TXN0269
PAY0270,SET0270,TXN0270,C142,2026-08-17,7500.0,150.0,0.0,7350.0,2026-08-18,SETTLED,RZP-TXN0270
PAY0271,SET0271,TXN0271,C103,2026-08-16,15000.0,0.0,0.0,15000.0,2026-08-17,SETTLED,RZP-TXN0271
PAY0272,SET0272_1,TXN0272,C131,2026-08-15,900.0,0.0,0.0,900.0,2026-08-16,SETTLED,RZP-TXN0272-1
PAY0272,SET0272_2,TXN0272,C131,2026-08-15,600.0,0.0,0.0,600.0,2026-08-16,SETTLED,RZP-TXN0272-2
PAY0273,SET0273,TXN0273,C109,2026-08-03,2500.0,0.0,0.0,2500.0,2026-08-04,SETTLED,RZP-TXN0273
PAY0274,SET0274,TXN0274,C137,2026-08-18,10000.0,0.0,0.0,10000.0,2026-08-19,SETTLED,RZP-TXN0274
PAY0275,SET0275,TXN0275,C133,2026-08-10,25000.0,500.0,0.0,24500.0,2026-08-11,SETTLED,RZP-TXN0275
PAY0276,SET0276,TXN0276,C106,2026-08-04,50000.0,0.0,0.0,50000.0,2026-08-05,SETTLED,RZP-TXN027X
PAY0277,SET0277,TXN0277,C127,2026-08-15,5000.0,0.0,0.0,5000.0,2026-08-16,SETTLED,RZP-TXN0277
PAY0278,SET0278,TXN0278,C125,2026-08-14,1500.0,0.0,0.0,1500.0,2026-08-15,SETTLED,RZP-TXN0278
PAY0279,SET0279,TXN0279,C142,2026-08-09,10000.0,0.0,0.0,8000.0,2026-08-10,SETTLED,RZP-TXN0279
PAY0280,SET0280,TXN0280,C104,2026-08-03,1500.0,0.0,0.0,1500.0,2026-08-04,SETTLED,RZP-TXN0280
PAY0281,SET0281,TXN0281,C147,2026-08-12,2500.0,0.0,250.0,2250.0,2026-08-13,SETTLED,RZP-TXN0281
PAY0282,SET0282,TXN0282,C135,2026-08-18,10000.0,0.0,0.0,10000.0,2026-08-21,SETTLED,RZP-TXN0282
PAY0283,SET0283,TXN0283,C122,2026-08-14,1000.0,0.0,0.0,1000.0,2026-08-15,SETTLED,RZP-TXN0283
PAY0284,SET0284,TXN0284,C138,2026-08-10,10000.0,0.0,0.0,10000.0,2026-08-11,SETTLED,RZP-TXN0284
PAY0285,SET0285,TXN0285,C113,2026-08-05,25000.0,0.0,0.0,25000.0,2026-08-06,SETTLED,RZP-TXN0285
PAY0286,SET0286,TXN0286,C122,2026-08-18,10000.0,0.0,0.0,10000.0,2026-08-19,SETTLED,RZP-TXN0286
PAY0287,SET0287,TXN0287,C136,2026-08-08,15000.0,0.0,0.0,9000.0,2026-08-09,SETTLED,RZP-TXN0287
PAY0288,SET0288,TXN0288,C139,2026-08-21,50000.0,0.0,0.0,50000.0,2026-08-22,SETTLED,RZP-TXN0288
PAY0289,SET0289,TXN0289,C144,2026-08-09,1000.0,0.0,0.0,1000.0,2026-08-10,SETTLED,RZP-TXN0289
PAY0290,SET0290,TXN0290,C148,2026-08-10,10000.0,0.0,0.0,10000.0,2026-08-11,SETTLED,RZP-TXN0290
PAY0291,SET0291,TXN0291,C109,2026-08-19,15000.0,0.0,0.0,15000.0,2026-08-20,SETTLED,RZP-TXN0291
PAY0292,SET0292,TXN0292,C140,2026-08-01,1500.0,0.0,0.0,1500.0,2026-08-02,SETTLED,RZP-TXN029X
PAY0293,SET0293,TXN0293,C124,2026-08-14,25000.0,0.0,0.0,25000.0,2026-08-15,SETTLED,RZP-TXN0293
PAY0294,SET0294,TXN0294,C119,2026-08-11,75000.0,0.0,7500.0,67500.0,2026-08-12,SETTLED,RZP-TXN0294
PAY0295,SET0295,TXN0295,C109,2026-08-06,75000.0,0.0,0.0,75000.0,2026-08-07,SETTLED,RZP-TXN0295
PAY0296,SET0296,TXN0296,C117,2026-08-15,15000.0,300.0,0.0,14700.0,2026-08-16,SETTLED,RZP-TXN0296
PAY0297,SET0297,TXN0297,C126,2026-08-09,5000.0,0.0,0.0,5000.0,2026-08-10,SETTLED,RZP-TXN029X
PAY0298,SET0298,TXN0298,C122,2026-08-14,1500.0,0.0,0.0,1500.0,2026-08-15,SETTLED,RZP-TXN0298
PAY0299,SET0299,TXN0299,C137,2026-08-16,50000.0,0.0,0.0,50000.0,2026-08-19,SETTLED,RZP-TXN0299
PAY0300,SET0300,TXN0300,C114,2026-08-13,75000.0,0.0,0.0,75000.0,2026-08-14,SETTLED,RZP-TXN0300
PAY0301,SET0301,TXN0301,C119,2026-08-07,2500.0,0.0,0.0,2500.0,2026-08-08,SETTLED,RZP-TXN030X
PAY0302,SET0302,TXN0302,C120,2026-08-04,1000.0,20.0,0.0,980.0,2026-08-05,SETTLED,RZP-TXN0302
PAY0303,SET0303,TXN0303,C111,2026-08-05,15000.0,300.0,0.0,14700.0,2026-08-06,SETTLED,RZP-TXN0303
PAY0304,SET0304,TXN0304,C132,2026-08-18,10000.0,0.0,0.0,10000.0,2026-08-19,SETTLED,RZP-TXN0304
PAY0305,SET0305,TXN0305,C102,2026-08-14,1000.0,20.0,0.0,980.0,2026-08-15,SETTLED,RZP-TXN0305
PAY0306,SET0306,TXN0306,C120,2026-08-19,15000.0,0.0,1500.0,13500.0,2026-08-20,SETTLED,RZP-TXN0306
PAY0307,SET0307,TXN0307,C140,2026-08-14,7500.0,0.0,0.0,7500.0,2026-08-15,SETTLED,RZP-TXN0307
PAY0308,SET0308,TXN0308,C120,2026-08-06,75000.0,1500.0,0.0,73500.0,2026-08-07,SETTLED,RZP-TXN0308
PAY0309,SET0309,TXN0309,C123,2026-08-03,15000.0,0.0,0.0,9000.0,2026-08-04,SETTLED,RZP-TXN0309
PAY0310,SET0310,TXN0310,C127,2026-08-19,15000.0,300.0,0.0,14700.0,2026-08-20,SETTLED,RZP-TXN0310
PAY0311,SET0311,TXN0311,C119,2026-08-11,5000.0,0.0,0.0,5000.0,2026-08-12,SETTLED,RZP-TXN0311
PAY0312,SET0312,TXN0312,C104,2026-08-17,1500.0,30.0,0.0,1470.0,2026-08-18,SETTLED,RZP-TXN0312
PAY0313,SET0313,TXN0313,C149,2026-08-12,10000.0,0.0,0.0,10000.0,2026-08-13,SETTLED,RZP-TXN031X
PAY0314,SET0314,TXN0314,C109,2026-08-08,1500.0,0.0,0.0,1500.0,2026-08-09,SETTLED,RZP-TXN0314
PAY0315,SET0315,TXN0315,C111,2026-08-20,2500.0,0.0,0.0,2500.0,2026-08-21,SETTLED,RZP-TXN031X
PAY0316,SET0316,TXN0316,C104,2026-08-06,25000.0,500.0,0.0,24500.0,2026-08-07,SETTLED,RZP-TXN0316
PAY0317,SET0317,TXN0317,C148,2026-08-19,25000.0,0.0,0.0,25000.0,2026-08-22,SETTLED,RZP-TXN0317
PAY0318,SET0318,TXN0318,C141,2026-08-21,75000.0,0.0,0.0,75000.0,2026-08-22,SETTLED,RZP-TXN0318
PAY0319,SET0319,TXN0319,C120,2026-08-05,25000.0,0.0,0.0,25000.0,2026-08-06,SETTLED,RZP-TXN0319
PAY0320,SET0320,TXN0320,C140,2026-08-10,7500.0,0.0,750.0,6750.0,2026-08-11,SETTLED,RZP-TXN0320
PAY0321,SET0321,TXN0321,C132,2026-08-03,7500.0,150.0,0.0,7350.0,2026-08-04,SETTLED,RZP-TXN0321
PAY0322,SET0322,TXN0322,C103,2026-08-12,7500.0,0.0,0.0,7500.0,2026-08-13,SETTLED,RZP-TXN0322
PAY0323,SET0323,TXN0323,C139,2026-08-20,50000.0,0.0,0.0,50000.0,2026-08-21,SETTLED,RZP-TXN0323
PAY0324,SET0324_1,TXN0324,C135,2026-08-02,15000.0,0.0,0.0,15000.0,2026-08-03,SETTLED,RZP-TXN0324-1
PAY0324,SET0324_2,TXN0324,C135,2026-08-02,10000.0,0.0,0.0,10000.0,2026-08-03,SETTLED,RZP-TXN0324-2
PAY0325,SET0325,TXN0325,C112,2026-08-11,75000.0,1500.0,0.0,73500.0,2026-08-12,SETTLED,RZP-TXN0325
PAY0326,SET0326,TXN0326,C103,2026-08-15,1500.0,0.0,0.0,900.0,2026-08-16,SETTLED,RZP-TXN0326
PAY0327,SET0327,TXN0327,C145,2026-08-03,50000.0,0.0,0.0,50000.0,2026-08-06,SETTLED,RZP-TXN0327
PAY0328,SET0328,TXN0328,C115,2026-08-15,25000.0,500.0,0.0,24500.0,2026-08-16,SETTLED,RZP-TXN0328
PAY0329,SET0329,TXN0329,C110,2026-08-12,10000.0,0.0,0.0,9000.0,2026-08-13,SETTLED,RZP-TXN0329
PAY0330,SET0330,TXN0330,C149,2026-08-11,75000.0,0.0,0.0,75000.0,2026-08-12,SETTLED,RZP-TXN0330
PAY0331,SET0331,TXN0331,C141,2026-08-11,1500.0,0.0,0.0,1500.0,2026-08-12,SETTLED,RZP-TXN0331
PAY0332,SET0332,TXN0332,C143,2026-08-13,7500.0,0.0,0.0,7500.0,2026-08-14,SETTLED,RZP-TXN0332
PAY0333,SET0333,TXN0333,C138,2026-08-05,10000.0,0.0,0.0,10000.0,2026-08-06,SETTLED,RZP-TXN0333
PAY0334,SET0334,TXN0334,C109,2026-08-12,7500.0,0.0,0.0,7500.0,2026-08-13,SETTLED,RZP-TXN0334
PAY0335,SET0335,TXN0335,C144,2026-08-13,2500.0,0.0,250.0,2250.0,2026-08-14,SETTLED,RZP-TXN0335
PAY0336,SET0336,TXN0336,C119,2026-08-18,15000.0,0.0,0.0,15000.0,2026-08-21,SETTLED,RZP-TXN0336
PAY0337,SET0337,TXN0337,C108,2026-08-17,1500.0,0.0,0.0,1500.0,2026-08-20,SETTLED,RZP-TXN0337
PAY0338,SET0338,TXN0338,C132,2026-08-12,1000.0,0.0,0.0,1000.0,2026-08-13,SETTLED,RZP-TXN0338
PAY0339,SET0339,TXN0339,C113,2026-08-11,25000.0,0.0,0.0,25000.0,2026-08-12,SETTLED,RZP-TXN0339
PAY0340,SET0340,TXN0340,C109,2026-08-03,7500.0,0.0,0.0,4500.0,2026-08-04,SETTLED,RZP-TXN0340
PAY0341,SET0341,TXN0341,C132,2026-08-18,50000.0,0.0,0.0,50000.0,2026-08-19,SETTLED,RZP-TXN0341
PAY0342,SET0342,TXN0342,C149,2026-08-20,2500.0,0.0,250.0,2250.0,2026-08-21,SETTLED,RZP-TXN0342
PAY0343,SET0343,TXN0343,C110,2026-08-06,75000.0,0.0,0.0,45000.0,2026-08-07,SETTLED,RZP-TXN0343
PAY0344,SET0344,TXN0344,C146,2026-08-15,1000.0,0.0,0.0,1000.0,2026-08-16,SETTLED,RZP-TXN0344
PAY0345,SET0345,TXN0345,C146,2026-08-08,25000.0,0.0,2500.0,22500.0,2026-08-09,SETTLED,RZP-TXN0345
PAY0346,SET0346,TXN0346,C147,2026-08-15,5000.0,100.0,0.0,4900.0,2026-08-16,SETTLED,RZP-TXN0346
PAY0347,SET0347,TXN0347,C130,2026-08-07,10000.0,0.0,0.0,10000.0,2026-08-10,SETTLED,RZP-TXN0347
PAY0348,SET0348,TXN0348,C128,2026-08-15,7500.0,0.0,0.0,7500.0,2026-08-16,SETTLED,RZP-TXN034X
PAY0349,SET0349,TXN0349,C133,2026-08-14,2500.0,0.0,0.0,1500.0,2026-08-15,SETTLED,RZP-TXN0349
PAY0350,SET0350,TXN0350,C108,2026-08-09,1000.0,0.0,0.0,1000.0,2026-08-12,SETTLED,RZP-TXN0350
PAY0351,SET0351,TXN0351,C135,2026-08-04,50000.0,0.0,0.0,30000.0,2026-08-05,SETTLED,RZP-TXN0351
PAY0352,SET0352,TXN0352,C105,2026-08-06,7500.0,0.0,0.0,7500.0,2026-08-07,SETTLED,RZP-TXN0352
PAY0353,SET0353,TXN0353,C109,2026-08-14,1500.0,0.0,0.0,1000.0,2026-08-15,SETTLED,RZP-TXN0353
PAY0354,SET0354,TXN0354,C122,2026-08-01,15000.0,0.0,0.0,15000.0,2026-08-02,SETTLED,RZP-TXN0354
PAY0355,SET0355,TXN0355,C123,2026-08-08,15000.0,0.0,0.0,15000.0,2026-08-09,SETTLED,RZP-TXN0355
PAY0356,SET0356,TXN0356,C123,2026-08-08,1000.0,0.0,0.0,1000.0,2026-08-09,SETTLED,RZP-TXN0356
PAY0357,SET0357,TXN0357,C145,2026-08-21,10000.0,0.0,0.0,6000.0,2026-08-22,SETTLED,RZP-TXN0357
PAY0358,SET0358,TXN0358,C102,2026-08-10,25000.0,0.0,0.0,25000.0,2026-08-13,SETTLED,RZP-TXN0358
PAY0359,SET0359,TXN0359,C148,2026-08-16,25000.0,0.0,2500.0,22500.0,2026-08-17,SETTLED,RZP-TXN0359
PAY0360,SET0360,TXN0360,C101,2026-08-09,5000.0,0.0,0.0,3000.0,2026-08-10,SETTLED,RZP-TXN0360
PAY0361,SET0361,TXN0361,C146,2026-08-20,50000.0,0.0,0.0,50000.0,2026-08-21,SETTLED,RZP-TXN0361
PAY0362,SET0362,TXN0362,C115,2026-08-10,1500.0,0.0,0.0,1500.0,2026-08-11,SETTLED,RZP-TXN0362
PAY0363,SET0363,TXN0363,C140,2026-08-20,25000.0,0.0,0.0,25000.0,2026-08-21,SETTLED,RZP-TXN0363
PAY0364,SET0364,TXN0364,C138,2026-08-18,1000.0,0.0,0.0,1000.0,2026-08-21,SETTLED,RZP-TXN0364
PAY0365,SET0365,TXN0365,C115,2026-08-05,7500.0,0.0,0.0,7500.0,2026-08-06,SETTLED,RZP-TXN0365
PAY0366,SET0366,TXN0366,C122,2026-08-08,75000.0,0.0,0.0,75000.0,2026-08-09,SETTLED,RZP-TXN0366
PAY0367,SET0367,TXN0367,C142,2026-08-03,50000.0,0.0,0.0,50000.0,2026-08-04,SETTLED,RZP-TXN0367
PAY0368,SET0368,TXN0368,C104,2026-08-17,50000.0,1000.0,0.0,49000.0,2026-08-18,SETTLED,RZP-TXN0368
PAY0369,SET0369_1,TXN0369,C135,2026-08-01,9000.0,0.0,0.0,9000.0,2026-08-02,SETTLED,RZP-TXN0369-1
PAY0369,SET0369_2,TXN0369,C135,2026-08-01,6000.0,0.0,0.0,6000.0,2026-08-02,SETTLED,RZP-TXN0369-2
PAY0370,SET0370,TXN0370,C124,2026-08-12,7500.0,0.0,0.0,7500.0,2026-08-13,SETTLED,RZP-TXN037X
PAY0371,SET0371,TXN0371,C104,2026-08-12,5000.0,0.0,0.0,5000.0,2026-08-13,SETTLED,RZP-TXN037X
PAY0372,SET0372,TXN0372,C106,2026-08-19,10000.0,0.0,0.0,10000.0,2026-08-20,SETTLED,RZP-TXN0372
PAY0373,SET0373,TXN0373,C134,2026-08-11,2500.0,0.0,0.0,1500.0,2026-08-12,SETTLED,RZP-TXN0373
PAY0374,SET0374,TXN0374,C129,2026-08-16,2500.0,0.0,0.0,1500.0,2026-08-17,SETTLED,RZP-TXN0374
PAY0375,SET0375,TXN0375,C145,2026-08-15,1000.0,0.0,0.0,1000.0,2026-08-16,SETTLED,RZP-TXN0375
PAY0376,SET0376,TXN0376,C112,2026-08-02,10000.0,0.0,0.0,8000.0,2026-08-03,SETTLED,RZP-TXN0376
PAY0377,SET0377,TXN0377,C134,2026-08-16,7500.0,0.0,0.0,7500.0,2026-08-17,SETTLED,RZP-TXN0377
PAY0378,SET0378_1,TXN0378,C112,2026-08-10,6000.0,0.0,0.0,6000.0,2026-08-11,SETTLED,RZP-TXN0378-1
PAY0378,SET0378_2,TXN0378,C112,2026-08-10,4000.0,0.0,0.0,4000.0,2026-08-11,SETTLED,RZP-TXN0378-2
PAY0379,SET0379,TXN0379,C121,2026-08-09,1500.0,0.0,0.0,900.0,2026-08-10,SETTLED,RZP-TXN0379
PAY0380,SET0380,TXN0380,C125,2026-08-15,15000.0,0.0,0.0,15000.0,2026-08-16,SETTLED,RZP-TXN0380
PAY0381,SET0381,TXN0381,C131,2026-08-16,10000.0,0.0,0.0,8000.0,2026-08-17,SETTLED,RZP-TXN0381
PAY0382,SET0382,TXN0382,C105,2026-08-14,1500.0,0.0,0.0,1500.0,2026-08-15,SETTLED,RZP-TXN0382
PAY0383,SET0383,TXN0383,C134,2026-08-10,10000.0,0.0,0.0,10000.0,2026-08-11,SETTLED,RZP-TXN0383
PAY0384,SET0384,TXN0384,C142,2026-08-10,7500.0,0.0,0.0,7500.0,2026-08-11,SETTLED,RZP-TXN0384
PAY0385,SET0385,TXN0385,C127,2026-08-06,25000.0,0.0,0.0,25000.0,2026-08-07,SETTLED,RZP-TXN0385
PAY0386,SET0386,TXN0386,C146,2026-08-12,75000.0,0.0,0.0,75000.0,2026-08-13,SETTLED,RZP-TXN0386
PAY0387,SET0387,TXN0387,C117,2026-08-21,1000.0,0.0,0.0,1000.0,2026-08-22,SETTLED,RZP-TXN0387
PAY0388,SET0388,TXN0388,C125,2026-08-12,50000.0,0.0,0.0,30000.0,2026-08-13,SETTLED,RZP-TXN0388
PAY0389,SET0389,TXN0389,C110,2026-08-01,2500.0,0.0,0.0,1500.0,2026-08-02,SETTLED,RZP-TXN0389
PAY0390,SET0390,TXN0390,C128,2026-08-02,2500.0,0.0,0.0,2500.0,2026-08-03,SETTLED,RZP-TXN0390
PAY0391,SET0391,TXN0391,C123,2026-08-12,15000.0,0.0,0.0,14500.0,2026-08-13,SETTLED,RZP-TXN0391
PAY0392,SET0392,TXN0392,C109,2026-08-15,10000.0,0.0,0.0,10000.0,2026-08-16,SETTLED,RZP-TXN0392
PAY0393,SET0393,TXN0393,C136,2026-08-05,50000.0,0.0,0.0,50000.0,2026-08-06,SETTLED,RZP-TXN0393
PAY0394,SET0394,TXN0394,C141,2026-08-09,5000.0,0.0,0.0,5000.0,2026-08-10,SETTLED,RZP-TXN0394
PAY0395,SET0395,TXN0395,C101,2026-08-06,25000.0,500.0,0.0,24500.0,2026-08-07,SETTLED,RZP-TXN0395
PAY0396,SET0396,TXN0396,C107,2026-08-09,7500.0,0.0,0.0,7500.0,2026-08-12,SETTLED,RZP-TXN0396
PAY0397,SET0397,TXN0397,C139,2026-08-10,25000.0,0.0,0.0,25000.0,2026-08-11,SETTLED,RZP-TXN0397
PAY0398,SET0398_1,TXN0398,C104,2026-08-15,1500.0,0.0,0.0,1500.0,2026-08-16,SETTLED,RZP-TXN0398-1
PAY0398,SET0398_2,TXN0398,C104,2026-08-15,1000.0,0.0,0.0,1000.0,2026-08-16,SETTLED,RZP-TXN0398-2
PAY0399,SET0399,TXN0399,C143,2026-08-11,10000.0,0.0,0.0,10000.0,2026-08-14,SETTLED,RZP-TXN0399
PAY0400,SET0400,TXN0400,C134,2026-08-10,7500.0,0.0,0.0,4500.0,2026-08-11,SETTLED,RZP-TXN0400
PAY0401,SET0401,TXN0401,C145,2026-08-21,2500.0,0.0,0.0,1500.0,2026-08-22,SETTLED,RZP-TXN0401
PAY0402,SET0402,TXN0402,C114,2026-08-04,5000.0,0.0,0.0,3000.0,2026-08-05,SETTLED,RZP-TXN0402
PAY0403,SET0403,TXN0403,C131,2026-08-01,10000.0,0.0,1000.0,9000.0,2026-08-02,SETTLED,RZP-TXN0403
PAY0404,SET0404,TXN0404,C129,2026-08-18,2500.0,0.0,250.0,2250.0,2026-08-19,SETTLED,RZP-TXN0404
PAY0405,SET0405,TXN0405,C104,2026-08-10,15000.0,0.0,0.0,15000.0,2026-08-11,SETTLED,RZP-TXN0405
PAY0406,SET0406,TXN0406,C146,2026-08-16,50000.0,0.0,0.0,50000.0,2026-08-17,SETTLED,RZP-TXN0406
PAY0407,SET0407,TXN0407,C136,2026-08-03,2500.0,0.0,0.0,2500.0,2026-08-04,SETTLED,RZP-TXN0407
PAY0408,SET0408,TXN0408,C141,2026-08-03,25000.0,500.0,0.0,24500.0,2026-08-04,SETTLED,RZP-TXN0408
PAY0409,SET0409,TXN0409,C122,2026-08-05,50000.0,0.0,0.0,50000.0,2026-08-08,SETTLED,RZP-TXN0409
PAY0410,SET0410,TXN0410,C149,2026-08-05,15000.0,300.0,0.0,14700.0,2026-08-06,SETTLED,RZP-TXN0410
PAY0411,SET0411,TXN0411,C107,2026-08-17,2500.0,0.0,0.0,2500.0,2026-08-18,SETTLED,RZP-TXN0411
PAY0412,SET0412,TXN0412,C120,2026-08-08,10000.0,0.0,0.0,8000.0,2026-08-09,SETTLED,RZP-TXN0412
PAY0413,SET0413,TXN0413,C105,2026-08-09,5000.0,0.0,0.0,5000.0,2026-08-12,SETTLED,RZP-TXN0413
PAY0414,SET0414,TXN0414,C117,2026-08-05,7500.0,0.0,750.0,6750.0,2026-08-06,SETTLED,RZP-TXN0414
PAY0415,SET0415,TXN0415,C132,2026-08-21,2500.0,0.0,250.0,2250.0,2026-08-22,SETTLED,RZP-TXN0415
PAY0416,SET0416,TXN0416,C109,2026-08-06,75000.0,0.0,0.0,75000.0,2026-08-07,SETTLED,RZP-TXN041X
PAY0417,SET0417,TXN0417,C121,2026-08-19,1000.0,0.0,0.0,600.0,2026-08-20,SETTLED,RZP-TXN0417
PAY0418,SET0418,TXN0418,C105,2026-08-02,75000.0,0.0,0.0,75000.0,2026-08-03,SETTLED,RZP-TXN0418
PAY0419,SET0419,TXN0419,C149,2026-08-19,15000.0,0.0,1500.0,13500.0,2026-08-20,SETTLED,RZP-TXN0419
PAY0420,SET0420,TXN0420,C131,2026-08-21,50000.0,0.0,0.0,50000.0,2026-08-22,SETTLED,RZP-TXN0420
PAY0421,SET0421,TXN0421,C130,2026-08-08,15000.0,0.0,0.0,15000.0,2026-08-09,SETTLED,RZP-TXN0421
PAY0422,SET0422,TXN0422,C144,2026-08-02,2500.0,0.0,0.0,2500.0,2026-08-03,SETTLED,RZP-TXN0422
PAY0423,SET0423,TXN0423,C129,2026-08-07,10000.0,0.0,1000.0,9000.0,2026-08-08,SETTLED,RZP-TXN0423
PAY0424,SET0424,TXN0424,C145,2026-08-11,10000.0,0.0,0.0,10000.0,2026-08-12,SETTLED,RZP-TXN0424
PAY0425,SET0425,TXN0425,C108,2026-08-12,50000.0,0.0,5000.0,45000.0,2026-08-13,SETTLED,RZP-TXN0425
PAY0426,SET0426,TXN0426,C115,2026-08-15,1500.0,0.0,0.0,1500.0,2026-08-16,SETTLED,RZP-TXN0426
PAY0427,SET0427,TXN0427,C109,2026-08-04,1000.0,0.0,0.0,1000.0,2026-08-05,SETTLED,RZP-TXN0427
PAY0428,SET0428,TXN0428,C139,2026-08-14,5000.0,0.0,0.0,5000.0,2026-08-15,SETTLED,RZP-TXN0428
PAY0429,SET0429,TXN0429,C110,2026-08-11,75000.0,0.0,0.0,75000.0,2026-08-12,SETTLED,RZP-TXN042X
PAY0430,SET0430,TXN0430,C148,2026-08-06,25000.0,0.0,0.0,25000.0,2026-08-07,SETTLED,RZP-TXN0430
PAY0431,SET0431,TXN0431,C129,2026-08-16,7500.0,150.0,0.0,7350.0,2026-08-17,SETTLED,RZP-TXN0431
PAY0432,SET0432,TXN0432,C125,2026-08-17,25000.0,0.0,0.0,25000.0,2026-08-18,SETTLED,RZP-TXN0432
PAY0433,SET0433,TXN0433,C113,2026-08-19,10000.0,0.0,0.0,10000.0,2026-08-20,SETTLED,RZP-TXN0433
PAY0434,SET0434,TXN0434,C131,2026-08-20,25000.0,0.0,0.0,25000.0,2026-08-21,SETTLED,RZP-TXN0434
PAY0435,SET0435_1,TXN0435,C106,2026-08-14,1500.0,0.0,0.0,1500.0,2026-08-15,SETTLED,RZP-TXN0435-1
PAY0435,SET0435_2,TXN0435,C106,2026-08-14,1000.0,0.0,0.0,1000.0,2026-08-15,SETTLED,RZP-TXN0435-2
PAY0436,SET0436,TXN0436,C148,2026-08-13,10000.0,0.0,0.0,10000.0,2026-08-14,SETTLED,RZP-TXN0436
PAY0437,SET0437,TXN0437,C136,2026-08-18,5000.0,0.0,0.0,5000.0,2026-08-19,SETTLED,RZP-TXN0437
PAY0438,SET0438,TXN0438,C104,2026-08-13,50000.0,1000.0,0.0,49000.0,2026-08-14,SETTLED,RZP-TXN0438
PAY0439,SET0439,TXN0439,C117,2026-08-20,75000.0,0.0,0.0,75000.0,2026-08-21,SETTLED,RZP-TXN0439
PAY0440,SET0440,TXN0440,C125,2026-08-12,10000.0,0.0,1000.0,9000.0,2026-08-13,SETTLED,RZP-TXN0440
PAY0441,SET0441,TXN0441,C148,2026-08-05,5000.0,0.0,500.0,4500.0,2026-08-06,SETTLED,RZP-TXN0441
PAY0442,SET0442,TXN0442,C132,2026-08-02,1000.0,0.0,0.0,1000.0,2026-08-03,SETTLED,RZP-TXN0442
PAY0443,SET0443,TXN0443,C121,2026-08-16,50000.0,1000.0,0.0,49000.0,2026-08-17,SETTLED,RZP-TXN0443
PAY0444,SET0444,TXN0444,C132,2026-08-05,10000.0,0.0,0.0,9000.0,2026-08-06,SETTLED,RZP-TXN0444
PAY0445,SET0445,TXN0445,C125,2026-08-20,7500.0,0.0,750.0,6750.0,2026-08-21,SETTLED,RZP-TXN0445
PAY0446,SET0446,TXN0446,C132,2026-08-18,25000.0,0.0,0.0,25000.0,2026-08-21,SETTLED,RZP-TXN0446
PAY0447,SET0447,TXN0447,C130,2026-08-01,10000.0,0.0,0.0,10000.0,2026-08-02,SETTLED,RZP-TXN0447
PAY0448,SET0448,TXN0448,C126,2026-08-19,7500.0,0.0,0.0,4500.0,2026-08-20,SETTLED,RZP-TXN0448
PAY0449,SET0449,TXN0449,C144,2026-08-21,1000.0,0.0,100.0,900.0,2026-08-22,SETTLED,RZP-TXN0449
PAY0450,SET0450,TXN0450,C141,2026-08-19,75000.0,0.0,0.0,75000.0,2026-08-20,SETTLED,RZP-TXN0450
PAY0451,SET0451,TXN0451,C137,2026-08-16,2500.0,50.0,0.0,2450.0,2026-08-17,SETTLED,RZP-TXN0451
PAY0452,SET0452,TXN0452,C139,2026-08-13,2500.0,0.0,0.0,1500.0,2026-08-14,SETTLED,RZP-TXN0452
PAY0453,SET0453,TXN0453,C102,2026-08-19,1500.0,0.0,0.0,1500.0,2026-08-20,SETTLED,RZP-TXN0453
PAY0454,SET0454,TXN0454,C120,2026-08-14,2500.0,0.0,0.0,2500.0,2026-08-15,SETTLED,RZP-TXN0454
PAY0455,SET0455,TXN0455,C126,2026-08-17,75000.0,0.0,0.0,73000.0,2026-08-18,SETTLED,RZP-TXN0455
PAY0456,SET0456,TXN0456,C103,2026-08-05,50000.0,0.0,0.0,50000.0,2026-08-06,SETTLED,RZP-TXN0456
PAY0457,SET0457,TXN0457,C142,2026-08-16,50000.0,0.0,0.0,50000.0,2026-08-17,SETTLED,RZP-TXN0457
PAY0458,SET0458,TXN0458,C129,2026-08-18,10000.0,200.0,0.0,9800.0,2026-08-19,SETTLED,RZP-TXN0458
PAY0459,SET0459,TXN0459,C149,2026-08-21,7500.0,0.0,750.0,6750.0,2026-08-22,SETTLED,RZP-TXN0459
PAY0460,SET0460,TXN0460,C115,2026-08-09,50000.0,0.0,0.0,50000.0,2026-08-10,SETTLED,RZP-TXN0460
PAY0461,SET0461,TXN0461,C149,2026-08-10,5000.0,0.0,0.0,5000.0,2026-08-13,SETTLED,RZP-TXN0461
PAY0462,SET0462,TXN0462,C120,2026-08-16,10000.0,0.0,1000.0,9000.0,2026-08-17,SETTLED,RZP-TXN0462
PAY0463,SET0463,TXN0463,C117,2026-08-10,1500.0,0.0,150.0,1350.0,2026-08-11,SETTLED,RZP-TXN0463
PAY0464,SET0464,TXN0464,C124,2026-08-13,10000.0,0.0,0.0,9500.0,2026-08-14,SETTLED,RZP-TXN0464
PAY0465,SET0465,TXN0465,C102,2026-08-10,1500.0,0.0,0.0,1500.0,2026-08-11,SETTLED,RZP-TXN0465
PAY0466,SET0466,TXN0466,C141,2026-08-09,25000.0,0.0,0.0,25000.0,2026-08-10,SETTLED,RZP-TXN0466
PAY0467,SET0467,TXN0467,C117,2026-08-18,7500.0,0.0,0.0,7500.0,2026-08-19,SETTLED,RZP-TXN0467
PAY0468,SET0468,TXN0468,C147,2026-08-19,5000.0,0.0,0.0,5000.0,2026-08-20,SETTLED,RZP-TXN0468
PAY0469,SET0469,TXN0469,C133,2026-08-08,5000.0,0.0,0.0,5000.0,2026-08-09,SETTLED,RZP-TXN0469
PAY0470,SET0470,TXN0470,C121,2026-08-16,1500.0,0.0,0.0,1500.0,2026-08-19,SETTLED,RZP-TXN0470
PAY0471,SET0471,TXN0471,C100,2026-08-18,2500.0,0.0,0.0,2500.0,2026-08-19,SETTLED,RZP-TXN0471
PAY0472,SET0472,TXN0472,C130,2026-08-21,5000.0,0.0,0.0,5000.0,2026-08-22,SETTLED,RZP-TXN047X
PAY0473,SET0473_1,TXN0473,C120,2026-08-10,600.0,0.0,0.0,600.0,2026-08-11,SETTLED,RZP-TXN0473-1
PAY0473,SET0473_2,TXN0473,C120,2026-08-10,400.0,0.0,0.0,400.0,2026-08-11,SETTLED,RZP-TXN0473-2
PAY0474,SET0474,TXN0474,C136,2026-08-08,50000.0,0.0,0.0,50000.0,2026-08-09,SETTLED,RZP-TXN047X
PAY0475,SET0475,TXN0475,C111,2026-08-14,2500.0,0.0,0.0,2000.0,2026-08-15,SETTLED,RZP-TXN0475
PAY0476,SET0476_1,TXN0476,C131,2026-08-06,4500.0,0.0,0.0,4500.0,2026-08-07,SETTLED,RZP-TXN0476-1
PAY0476,SET0476_2,TXN0476,C131,2026-08-06,3000.0,0.0,0.0,3000.0,2026-08-07,SETTLED,RZP-TXN0476-2
PAY0477,SET0477,TXN0477,C136,2026-08-20,1500.0,0.0,0.0,500.0,2026-08-21,SETTLED,RZP-TXN0477
PAY0478,SET0478,TXN0478,C129,2026-08-21,50000.0,1000.0,0.0,49000.0,2026-08-22,SETTLED,RZP-TXN0478
PAY0479,SET0479,TXN0479,C132,2026-08-15,7500.0,0.0,0.0,7500.0,2026-08-16,SETTLED,RZP-TXN0479
PAY0480,SET0480,TXN0480,C121,2026-08-06,25000.0,0.0,0.0,25000.0,2026-08-09,SETTLED,RZP-TXN0480
PAY0481,SET0481,TXN0481,C111,2026-08-01,10000.0,0.0,0.0,6000.0,2026-08-02,SETTLED,RZP-TXN0481
PAY0482,SET0482,TXN0482,C143,2026-08-07,2500.0,0.0,250.0,2250.0,2026-08-08,SETTLED,RZP-TXN0482
PAY0483,SET0483,TXN0483,C125,2026-08-14,50000.0,0.0,0.0,50000.0,2026-08-15,SETTLED,RZP-TXN0483
PAY0484,SET0484,TXN0484,C142,2026-08-04,2500.0,0.0,0.0,2500.0,2026-08-05,SETTLED,RZP-TXN0484
PAY0485,SET0485,TXN0485,C130,2026-08-11,5000.0,0.0,0.0,5000.0,2026-08-12,SETTLED,RZP-TXN0485
PAY0486,SET0486,TXN0486,C115,2026-08-15,7500.0,0.0,0.0,6500.0,2026-08-16,SETTLED,RZP-TXN0486
PAY0487,SET0487,TXN0487,C146,2026-08-19,1000.0,0.0,0.0,1000.0,2026-08-20,SETTLED,RZP-TXN0487
PAY0488,SET0488,TXN0488,C144,2026-08-08,1000.0,0.0,0.0,1000.0,2026-08-11,SETTLED,RZP-TXN0488
PAY0489,SET0489,TXN0489,C119,2026-08-06,15000.0,0.0,0.0,15000.0,2026-08-09,SETTLED,RZP-TXN0489
PAY0490,SET0490,TXN0490,C149,2026-08-10,1500.0,0.0,0.0,1500.0,2026-08-13,SETTLED,RZP-TXN0490
PAY0491,SET0491,TXN0491,C123,2026-08-20,5000.0,0.0,0.0,5000.0,2026-08-21,SETTLED,RZP-TXN0491
PAY0492,SET0492,TXN0492,C130,2026-08-05,25000.0,0.0,0.0,25000.0,2026-08-06,SETTLED,RZP-TXN049X
PAY0493,SET0493,TXN0493,C123,2026-08-14,50000.0,0.0,0.0,48000.0,2026-08-15,SETTLED,RZP-TXN0493
PAY0494,SET0494_1,TXN0494,C113,2026-08-08,45000.0,0.0,0.0,45000.0,2026-08-09,SETTLED,RZP-TXN0494-1
PAY0494,SET0494_2,TXN0494,C113,2026-08-08,30000.0,0.0,0.0,30000.0,2026-08-09,SETTLED,RZP-TXN0494-2
PAY0495,SET0495,TXN0495,C128,2026-08-17,10000.0,0.0,0.0,10000.0,2026-08-18,SETTLED,RZP-TXN0495
PAY0496,SET0496_1,TXN0496,C107,2026-08-02,30000.0,0.0,0.0,30000.0,2026-08-03,SETTLED,RZP-TXN0496-1
PAY0496,SET0496_2,TXN0496,C107,2026-08-02,20000.0,0.0,0.0,20000.0,2026-08-03,SETTLED,RZP-TXN0496-2
PAY0497,SET0497,TXN0497,C134,2026-08-05,2500.0,0.0,0.0,2500.0,2026-08-06,SETTLED,RZP-TXN0497
PAY0498,SET0498,TXN0498,C128,2026-08-04,5000.0,0.0,0.0,5000.0,2026-08-05,SETTLED,RZP-TXN049X
PAY0499,SET0499,TXN0499,C105,2026-08-17,25000.0,0.0,0.0,15000.0,2026-08-18,SETTLED,RZP-TXN0499
PAY0500,SET0500,TXN0500,C108,2026-08-17,15000.0,300.0,0.0,14700.0,2026-08-18,SETTLED,RZP-TXN0500
